v_x_inducing_points,v_y_inducing_points,omega_inducing_points
-0.004192435470506885,-0.010311972873408562,-0.14328583343452048
-0.009816156978912529,-0.021230977967738117,-0.270764497953803
-0.00864243994374178,-0.03504727147996676,-0.15630305250754106
-0.006358859415547652,-0.044027310733172044,-0.02886562192212551
-0.007592959858186726,-0.05091928463136337,-0.09252242575613985
-0.004846583610927136,-0.03477433462660471,0.2964867249035372
-0.004756316970617033,-0.03399144056056185,0.14927062952862066
-0.008438558114911367,-0.02060367816483892,0.39338306302103737
-0.011747964080472743,0.01706486593822183,0.20735811265436566
-0.015368369139011543,0.036532016287830454,0.19527641328361606
-0.014308544998432314,0.055575440979510164,0.04049917608407997
-0.013367756731267976,0.06698257121341039,-0.034113870482356534
-0.012737221191625651,0.07402057234846686,-0.12450512103718944
-0.01192949513754645,0.07723467377825224,-0.14838147445424094
-0.010982613622106037,0.07935024329449415,-0.15841886602901023
-0.009298113244076936,0.08046766335657105,-0.12279820892965262
-0.007185826316700002,0.08078196282680697,-0.07411068638985335
-0.004915577790934859,0.08011274874404553,-0.016558401388774836
-0.0019327927585394468,0.07680067733251476,0.021554740418373308
0.0010769738198451,0.06917756150253924,0.03658509156576504
0.0037719749356452804,0.06661755828721061,0.032072990580569206
0.004221668874798677,0.05241056013259229,0.012905785018142
0.008266010987133152,0.06477391844668093,0.005220723224560965
0.008208832760976842,0.05418913747475841,-0.00619066151491973
0.008781491908577422,0.041215050636441916,-0.04750876796871613
0.01020908463973057,0.048061739154436275,-0.049657874747727176
0.010723970787700265,0.038622739154149946,-0.09616281472081249
0.012307362458191657,0.04356678697988909,-0.0921559368119575
0.009196940903985032,0.022978304726450117,-0.08544368407629312
0.008180237779230382,0.01673006907813588,-0.09105955714947363
0.006012466365688739,0.017308048321330326,0.01637778020910591
0.0040107905675593,0.013331113196415913,0.13550237673640536
0.0025676428583649297,0.017311475865057657,0.14500787919604816
0.0015255115911026905,0.022235023620980936,0.09632401496676694
0.0010751471435472045,0.02488591788660406,0.03184866261614844
0.0006950798485780212,0.021994967472182412,-0.07717962924095625
-0.0003028896098490732,0.016107453739494064,-0.1647189908525068
-0.0017069100134886816,0.00535305793961064,-0.20281273639455125
-0.0031987983122117696,-0.007057872298305264,-0.19246913541160718
-0.004232042731572569,-0.020067826642035796,-0.14785623783827223
-0.003700185911270607,-0.018677674430091922,-0.07235722492000128
-0.0033095688077438685,-0.017347762506279615,0.005201038212671736
-0.0035219012910955687,-0.014308867440061138,0.10940354092160237
-0.004987626174568182,-0.005578945917108324,0.19467253847255261
-0.006404524522812823,0.006869284692538491,0.21043185184416247
-0.007430063476458196,0.020184833250229073,0.18913622274895073
-0.007899773270561648,0.030377017991490455,0.15871596031808569
-0.0095420222074344,0.03929029002610308,0.11433010928449173
-0.009719652230551826,0.04832796070922336,0.0385766614619734
-0.008221617351171228,0.05645965671816842,0.019190584923487394
-0.005531397535981135,0.06180460200839555,0.025416278947395676
-0.0018544300415107042,0.06165896393915233,0.02027276937699249
0.0005382743443885555,0.06177558166550076,0.008899772254423967
0.0012755463115447906,0.05710652696685809,0.01619490803823218
0.001213499809355876,0.04781574895117987,0.031259409945950355
0.0009277899837391998,0.042184775687293785,0.03752635654304551
0.0004933780508166849,0.03552104994620774,0.039315398616110615
2.3940715615761474e-05,0.03363807132942451,0.04309831353193284
-0.001121469070171495,0.0360338001204871,0.06488009099985188
-0.0020907377677664572,0.03787837619669991,0.08000620689327695
-0.004630816086324932,0.042786131305714445,0.11470032190898984
-0.009408434306841117,0.05009350301517942,0.11867713900552788
-0.010378816940805403,0.05372232633462151,0.05410140193753576
-0.00794951215545708,0.05806005321080397,0.057273619404558725
-0.007982558157333666,0.05872784761580415,0.07622793161417175
-0.005429867636239742,0.061125731574869904,0.04769056268178694
-0.0022012744583431443,0.04803594535753528,0.0411934815980409
-0.000337419076890393,0.03722357647344826,0.047574235335726626
-0.0011259815676073074,0.04549372676762606,0.10075507775889501
-0.0020484264847875277,0.045201614520920565,0.1387862817459017
-0.00030968925810029936,0.04692372328722184,0.10646549307398954
0.0022674312714347734,0.05033713338276086,0.07087239082008392
0.002126172061866819,0.0565959689591734,0.10602867962181654
0.006696865546460017,0.0708697788412911,0.04535245128158874
0.003753886088820199,0.023596152043931257,-0.027969065806734476
0.005207703438270525,0.026429077338267593,-0.08724321966433063
0.007244499658968932,0.032482847456074083,-0.1662048986267691
0.004908789777773593,0.014221816795675447,-0.21311255068249907
0.0018133915412457873,-0.0022358486551578836,-0.26192265841669143
-0.0011610710489039487,-0.01907236156866948,-0.25820276298881517
-0.00336952495517221,-0.033614857802818705,-0.21968234281194848
-0.0037792899791238,-0.04428010727793253,-0.16570224868692593
-0.0017065200102553929,-0.04963577410043348,-0.09865529534371946
-0.0001807855564088771,-0.04846166776651225,-0.04394254833483446
-0.0005913588508027023,-0.051384991018201626,-0.0706134229883031
-0.0009987664372062704,-0.056190264129092844,-0.12293014277537379
0.0006393639608593911,-0.04962918383001472,-0.08748571373968521
0.0022005943993060988,-0.04800418584307339,-0.048242003167958965
0.003015623328315689,-0.04658337941262615,-0.03498866286434702
0.004096677491947499,-0.03922470171412396,0.046902933659215815
0.0025512208489793108,-0.04118779393499195,0.013666312503251092
-0.0006932610103992581,-0.041104300933015786,-0.11524674451305694
-0.002250507828072321,-0.0423302039189715,-0.14350845573343565
-0.00477989873030512,-0.050500839878525265,-0.13638557206521965
-0.007196644869442828,-0.05420455442520957,-0.09433459004491372
-0.005037057042010569,-0.05588165773060483,-0.06057648201474326
-0.0024260658466251036,-0.056547908616015635,-0.044828176997649516
-0.0027912906745579816,-0.05633034892209045,-0.08063233373104753
-0.0014479811458605115,-0.05356405950274686,-0.07813440010346022
0.00046584026987618176,-0.050012016449036197,-0.06276964550231547
0.0028890449896676095,-0.063804012269642,-0.07302093353172139
0.002013213142655602,-0.03619081906821577,-0.04552027989610257
0.0021935655573463693,-0.043420418092381105,-0.06364373058428133
0.002677544772640802,-0.04730265232127486,-0.06440636781649028
0.0033133646683469594,-0.0495952772811881,-0.05610812089975544
0.004125757662745292,-0.04943055075381859,-0.0323158358657227
0.005343109281182456,-0.048629115239544454,0.01834963253501535
0.0057008984528322025,-0.04000069534115292,0.08621091576425956
0.004985280876857501,-0.028599452192330697,0.14295587112083621
0.0027943761255077074,-0.012714988672206067,0.1992929121668545
-0.0001866509235635547,0.004058259118627159,0.2487777463755761
-0.002855679890570265,0.01918829699796466,0.24643651334133615
-0.004389083295655163,0.032910620189474195,0.2009136725606826
-0.005314303937648487,0.042285162885159135,0.14968369491142675
-0.007268209236961301,0.05110007321289858,0.1067743474398591
-0.005764966217167595,0.05772035777306025,0.07418053432979278
-0.0029039711270923137,0.06256064501858512,0.07221298041775963
-0.0013111344296685985,0.06592760288100324,0.07575500847452712
0.0012307963450590848,0.06345455011563747,0.06274443759312974
0.0027224976928351885,0.06496853013543188,0.1080058103708935
0.009043435156596731,0.061229506095142876,-0.12760194609266684
0.0022619398081623146,0.003421395175026481,-0.06630878089598086
0.0043234851066101245,0.018591816164149445,-0.18296136599018936
0.006136840319688662,0.023503063968626496,-0.24887079236297174
0.004232518554391259,0.010247692628946703,-0.157764157491899
0.003707371764564114,0.002602950633192145,-0.052953359397202936
0.0028356133116715578,-0.0011078124976126732,0.0460592226551477
0.001104213577141036,0.0039874151549417255,0.11788719246357508
-0.0016854628779128052,0.01369346973277872,0.19129721636089214
-0.004682447973907471,0.02490589324857357,0.2160879135590197
-0.004917201543532738,0.03303282217842551,0.1411435132153523
-0.007693590672134143,0.04363993144476675,0.13538938336218168
-0.011025235789905797,0.050760236685854145,0.09416347815122472
-0.007673704604498608,0.05460706585490033,0.05668357997473798
-0.003842899252042153,0.05689992720509898,0.06151166323724245
-0.002734131525258511,0.05724880029814745,0.08022007200952436
-0.00022374929922368893,0.0565611606953302,0.07132343442056217
0.0037537545390635627,0.06607738561788552,0.06701907502175364
0.0026757578719270626,0.02875958560540843,0.025562461351776686
0.005136742636329755,0.04008912231484328,0.027040880053574273
0.0075249699135307,0.04123479456394186,0.006811723172743909
0.00978294234868773,0.04026945000553921,-0.01497301920540753
0.01122546217512445,0.03627035360500987,-0.03127537765786187
0.012258866124552147,0.03295216942864604,-0.04355652331437793
0.011254136865718654,0.025193571102303757,-0.056867550966409185
0.009785852491253242,0.01961008988300395,-0.051345047183011465
0.008264208281374991,0.014200907608130468,-0.034839932202391476
0.007072151940435637,0.009537645465812686,-0.035492575668657295
0.005630540474521746,0.002506609827938201,-0.1026328208023541
0.004878160625985667,0.0009083946056470678,-0.06556671029467602
0.002975299644470182,6.015377253743626e-06,0.004715802310640724
0.0028759963230597938,-0.004952238626696295,0.046487762744975056
0.002059731143917997,-0.0039503278964502266,-0.010239301002373509
0.0010691685225138602,-0.0050369622330758935,-0.06842405819207205
0.0002832999412957594,-0.00786595608378927,-0.09146292201319293
-0.0006140831286246102,-0.011289823781937235,-0.08917230266583066
-0.0011113920268557905,-0.01366388122634742,-0.05655675295316236
-0.0015960800747632953,-0.01597390524887431,0.0019867687661899894
-0.002311316976798321,-0.01218729671213141,0.0814883863744397
-0.0032790023763553146,-0.005468594162657371,0.14708224412011855
-0.004608802306247021,0.004207076500774274,0.1836922277835251
-0.006400546049054764,0.016758491693237215,0.20231130956500565
-0.009424878962906594,0.031095243165100404,0.17946894145399778
-0.010637145137269469,0.044386663857330484,0.08061208893851837
-0.010060549161776877,0.053937337511245215,-0.002976437662789056
-0.007488827374279233,0.058694069303214476,-0.023707510741195526
-0.003981894149277077,0.06195782439635895,0.014957609217189513
-0.0018167892109311437,0.05877474995906251,0.0338339891492271
-0.0014657045388454099,0.06592340951359434,0.03862423649420616
0.0009284937462498199,0.0619016385035823,0.041181054232667554
0.0029683023308809996,0.05459505849038899,0.03629069187087698
0.00413729465162306,0.045775387085707234,0.02539529193376114
0.007150515669399043,0.05042680669685161,0.008584133616699848
0.0062034783041242615,0.035233159995370834,-0.0036855881448074656
0.007816064313118612,0.03833734358002274,-0.013603238955555503
0.010421500827853206,0.039944770204710586,-0.02853055881232269
0.008729376450112031,0.03170889343426187,-0.02385448346387611
0.0110985887337291,0.03296826793584965,-0.0326638353777374
0.010670456610384696,0.028680447521904122,-0.015507043220404698
0.011135816276207038,0.02489014483560187,-0.016889508621414005
0.010815339839083128,0.02064544754576378,-0.028805451784689243
0.010103026107076038,0.016615421560298473,-0.03456829894896629
0.009091070219189132,0.012387067830683263,-0.027988146283133505
0.009941642316557378,0.009985029378894816,-0.02291496443629508
0.00857237481864354,0.006803391733534051,-0.01480443082071795
0.008316973482138083,0.0051806343612251,-0.00699687525663568
0.008924468872065966,0.002463496920894962,-0.031534657837343605
0.006421745038440168,0.0007202424228428477,-0.026098784982314775
0.006658976703403488,0.00012002695365822611,-0.0366591004861224
0.0063433894245625445,-0.002189642271513002,0.002787325671429948
0.0036529628509106636,-0.0012910342732745694,0.011069073001786982
0.003882702588874684,-0.0025592938336459745,0.028993086703972
0.002852907782153991,0.0006008214948147178,0.043614156573967944
0.001926533977981917,0.0008183491278614398,0.03132733835099521
0.001127022596616979,0.004635048288327362,0.057567522302901165
-0.00020292435067563412,0.0067534150353471606,0.026487321535029335
-0.0001552603543852238,0.007536131583681931,0.04128599465702835
-0.0016222297248257211,0.009815847432134622,-0.04838620729649451
-0.001346819683636512,0.0035707322867296687,-0.05120936803684585
-0.003925081886175052,0.0010298118088354399,-0.18574314855396507
-0.004192435470506876,-0.010311972873408466,-0.14328583343452067
-0.009816156978912511,-0.021230977967738027,-0.2707644979538037
-0.008642439943741774,-0.03504727147996671,-0.15630305250754165
-0.006358859415547646,-0.04402731073317206,-0.02886562192212583
-0.007592959858186716,-0.05091928463136339,-0.09252242575613952
-0.004846583610927138,-0.03477433462660468,0.29648672490353783
-0.0047563169706170295,-0.0339914405605618,0.14927062952862127
-0.008438558114911366,-0.020603678164838855,0.39338306302103776
-0.011747964080472736,0.017064865938221905,0.20735811265436596
-0.01536836913901154,0.0365320162878305,0.1952764132836161
-0.014308544998432314,0.055575440979510234,0.04049917608408013
-0.013367756731267976,0.06698257121341045,-0.03411387048235648
-0.012737221191625642,0.0740205723484669,-0.12450512103718964
-0.011929495137546427,0.07723467377825227,-0.14838147445424116
-0.010982613622106022,0.07935024329449415,-0.1584188660290102
-0.00929811324407694,0.08046766335657109,-0.12279820892965225
-0.007185826316700028,0.08078196282680694,-0.07411068638985302
-0.004915577790934819,0.08011274874404599,-0.016558401388775044
-0.0019327927585395465,0.0768006773325135,0.021554740418373936
0.0010769738198455243,0.0691775615025442,0.036585091565762444
0.0037719749356436884,0.06661755828719232,0.032072990580579476
0.0042216688748046155,0.05241056013266081,0.01290578501810391
0.008266010987110975,0.06477391844642515,0.00522072322470194
0.00820883276105957,0.05418913747571277,-0.00619066151544791
0.008781491908268676,0.041215050632880196,-0.04750876796674571
0.010209084640882791,0.04806173916772882,-0.049657874755080676
0.010723970783400049,0.03862273910454136,-0.0961628146933697
0.012307362474240231,0.04356678716503065,-0.09215593691437626
0.009196940844090883,0.022978304035492326,-0.08544368369406144
0.008180238002758432,0.016730071656825475,-0.09105955857598137
0.006012465531470729,0.017308038697529515,0.01637778553290671
0.004010793680903329,0.013331149112929366,0.13550235686771112
0.0025676312392068396,0.017311341822804634,0.14500795334702443
0.0015255549543909924,0.02223552387347942,0.09632373823155402
0.0010749853095520388,0.02488405091886283,0.03184969540602194
0.0006956838212703865,0.022001935090648742,-0.07718348366523901
-0.000305143666623369,0.01608145023336959,-0.16470460594525055
-0.0016984977590838502,0.005450104345641852,-0.20286642159929316
-0.0032301932730567236,-0.007420054416305841,-0.1922687794998945
-0.004114875142597558,-0.018716144576064964,-0.14860397628038122
-0.004346009452496414,-0.025928471675686928,-0.0669769062570499
-0.004229967813365103,-0.025376537364187154,0.0273748714908016
-0.0044968406207321465,-0.01968681887329711,0.15062187714654182
-0.005905907932617295,-0.008633481576608995,0.22673051717247117
-0.007436269171678135,0.006777845266423228,0.24322871903427107
-0.010209832040673912,0.025708837952919308,0.26450326649423866
-0.01081916225499142,0.04061655092018098,0.2335097552603363
-0.01159773422059591,0.052493215006258316,0.1685281129791655
-0.01150268302016049,0.06280209283256064,0.0888326079388574
-0.010457755183892845,0.06972982896967658,0.03297536722395425
-0.0073078421726422375,0.07427256506260521,0.034839415538912344
-0.0034718546212256793,0.07487376892765371,0.03870899203620114
7.820177944716559e-05,0.0731090765549701,0.017956485632408047
0.0018701660888532895,0.06759055529748839,0.003349578998195643
0.0019214674790193655,0.05988751868193762,0.016251090373597597
0.0015775145361933793,0.054151321173440285,0.028800900885941078
0.0007568474868788233,0.048759227709002095,0.047633015521205885
-6.5681752578108346e-06,0.046247307656804695,0.06040064816969879
-0.0013264068468746206,0.04576780624117093,0.08542760355919238
-0.002968910446615031,0.04729206494344117,0.10412651577400031
-0.004940126667835154,0.05121397605144921,0.13958669048276745
-0.009623935727183555,0.05848585271271796,0.16624380210101025
-0.013859320924944891,0.06333920136574009,0.09706171087146806
-0.00764885201903456,0.06894036966435668,0.05185058872351984
-0.006687025301641534,0.06152064697051763,0.09388512398835286
-0.007093664497101099,0.06366343276135478,0.07770277438659655
-0.005480349025829934,0.057433488766785175,0.1218074017429099
-0.0014918167895060877,0.05499228837816319,0.06965490257153797
0.0012924930918962582,0.05667331264715635,0.04940411209085301
0.0019244099296605458,0.05627691091002192,0.08628588524135114
0.0012751725976721708,0.057196325618238175,0.12801361311851664
0.0018729362189774414,0.06156539551351324,0.12477811545443195
0.002473912892828106,0.05796448447286554,0.10456038172788774
0.006124164721431508,0.06959553980938146,0.05287900243075649
0.005155564288715404,0.052290987453094996,0.024563055000205336
0.006439350616125117,0.04966940920698701,-0.03750604357565513
0.00727136478081024,0.040566724227743524,-0.1475860580827961
0.005533692879015302,0.0238295314566679,-0.22701010950163392
0.00140662136806992,0.0007348911385149963,-0.3204180938727095
-0.0018297797025655534,-0.016300059494745316,-0.3063250200246872
-0.0038324389983568075,-0.03509805088717085,-0.23196466601451646
-0.00504172013896672,-0.046216420486112623,-0.19421720166047024
-0.005328525661276081,-0.054952777316937595,-0.1693925691240852
-0.004182581848827048,-0.05977620217094077,-0.13218050029560496
-0.0007041377862556869,-0.057991287744008725,-0.05407175217076143
-0.0006008925210999911,-0.06416182522341475,-0.09199478622550221
0.0005817629968929346,-0.059370347816645144,-0.09669228591438105
0.004524336349685819,-0.050367173233094545,0.06495416070822675
0.0031978018182168156,-0.05407410594829386,-0.02063187260862833
0.0031143085904916006,-0.0423577388741067,-0.044064751262486594
0.0008925283009873939,-0.049539617863940205,-0.09031056172160982
-0.001739531812533324,-0.05070103803978451,-0.18448679443939014
-0.0026741509677796716,-0.05635356428155494,-0.15142772370426907
-0.0015386908760595104,-0.058965393478888385,-0.08482701624893385
-0.003897096347694361,-0.06300703178933359,-0.09410040302527943
-0.00703263264188333,-0.06509051624682714,-0.12203238784036277
-0.004750582551468042,-0.0672943051647268,-0.08738920627002314
-0.003281616252673057,-0.0680956747009477,-0.09605619653745161
-0.0007976776919796715,-0.07005580770656278,-0.08975831911534447
0.0015677903901831465,-0.06410058549651894,-0.08238919807108121
0.005875721273577779,-0.07325870679927426,-0.08546659296784066
0.010635014444431597,-0.053000822839492166,0.1066773673243243
0.002490789370680997,-0.04271814707923796,-0.04888252167322309
0.007290269948681858,-0.052906565980080734,0.024552485592000284
0.006383442599045718,-0.04920776704041254,-0.06355493485902522
0.008178171591307076,-0.04719749794364798,-0.09974459071046177
0.00977256870051098,-0.04630975346954632,-0.05789056258776774
0.012182633601323467,-0.03303090479828706,0.1490863867446076
0.010033463895427721,-0.01882823235255117,0.36299787830558544
0.004969345290648888,0.003927474137883411,0.3835919793400362
0.0030442536664690638,0.02969355079027344,0.28202335654339217
0.004037836176219418,0.04845979895252981,0.1822878126658103
0.003565979068471221,0.061864702486352084,0.1224764195289957
0.0035798615189203942,0.06743846462291539,0.08009621376356658
0.0026789300118339383,0.07027631457870849,0.0483617433854444
0.0012241803553135868,0.06923157192077677,0.05189650541216455
0.002027622576277322,0.07114282662615458,0.04835707741317884
0.0015562722939550908,0.06989915069521112,0.07169908687872781
0.002112336792213116,0.06868739052737186,0.02298364878563902
0.004650967501493585,0.06891742341258468,0.059112081682249525
0.008494425622675078,0.06905826935304299,-0.10401696419381042
0.0018506568310075564,0.04462874579672047,-0.00883377080643506
0.0041942516470314115,0.014952982697347449,-0.18412782862820837
0.0025860956888986565,0.047622868967330784,-0.08353997061113176
0.00286457515630455,0.02215870364085596,-0.1270791603625233
-0.0010217048038895405,0.04244885034683272,0.0532003868704737
-0.003836736861287394,0.036756619738654975,0.13522102597814578
-0.007183527844533486,0.043430062428089,0.16400818328662042
-0.009716065990518339,0.05325361629154161,0.11031116690047348
-0.01216540715003533,0.06319000315355752,0.04526389603157115
-0.011247135912583434,0.0673589757324594,0.001113359096100757
-0.010994784741456638,0.07435263948210429,0.05104801677879933
-0.010601468426895954,0.07425709659317307,0.04485800830409264
-0.007610427084475317,0.07440108145884777,0.044925718517714
-0.00416179418266263,0.0728188518200927,0.06350609203460426
-0.0033175281163832504,0.07034567331961264,0.08349497388406266
-0.0009249643144066176,0.07046657610074814,0.08254561490143685
0.0014518001955905462,0.06675516453019652,0.07291806874369439
0.002787713178869038,0.058739266346929525,0.060640817038044074
0.005153502547232849,0.06387939579867695,0.058969356903426404
0.007872699141399913,0.06059806706315831,0.023355553231691927
0.011223538577988298,0.054138339840622225,-0.03632639867604692
0.013265481450046829,0.0500110779368002,-0.08700413918958616
0.015205888078337414,0.046709623367067625,-0.13874913700805058
0.01421278861638542,0.03049443879299649,-0.17441006393815603
0.01264129374635085,0.02048591117611096,-0.15668676584609423
0.010642124257481903,0.009598790682463262,-0.08725034780718963
0.008979405150272101,0.0025013710896042035,-0.0397431580118113
0.007193085590483048,0.0013376317542985068,0.015836104268344163
0.005759732332522592,0.00308133566732397,0.09592215661014845
0.0037926976040538293,0.008953073795553499,0.10583903733253244
0.0036893698550569524,0.007843315996927364,0.06033680643750899
0.0028074408983643226,0.008659973269621984,-0.06037791503840925
0.0010041521847282998,-0.006151936004645118,-0.0622724523303506
0.0003007210165002258,-0.0075671997621154065,-0.09311123983599584
-0.0006187510916569314,-0.011369875297063606,-0.08873063723634109
-0.0011101412499309841,-0.013642431487516397,-0.05667509684831889
-0.0015964152194301799,-0.015979652689072112,0.0020184789173258106
-0.0023112271750554665,-0.01218575669017184,0.08147988966505185
-0.0032790264386597682,-0.0054690068102978455,0.14708452080653792
-0.004608795858771967,0.004207187069376252,0.18369161774723808
-0.006400547776650482,0.016758462066469644,0.20231147302373578
-0.009424878499998686,0.031095251103568814,0.17946889765536223
-0.010637145261305245,0.04438666173022427,0.08061210067432752
-0.01006054912854157,0.05393733808120164,-0.0029764408073890756
-0.007488827383184584,0.05869406915049512,-0.023707509898601806
-0.003981894146890888,0.06195782443728002,0.014957608991418087
-0.0018167892115705051,0.0587747499480979,0.0338339892097229
-0.0014657045386740684,0.06592340951653242,0.038624236477996274
0.0009284937462039502,0.061901638502795196,0.04118105423701066
0.0029683023308933357,0.05459505849059999,0.036290691869712954
0.004137294651619809,0.04577538708565089,0.025395291934072823
0.007150515669399957,0.050426806696866805,0.00858413361661604
0.006203478304124047,0.03523315999536683,-0.003685588144785041
0.00781606431311869,0.038337343580023775,-0.013603238955561646
0.010421500827853206,0.039944770204710316,-0.028530558812321413
0.008729376450112042,0.03170889343426205,-0.023854483463876714
0.011098588733729094,0.03296826793584965,-0.03266383537773716
0.010670456610384701,0.028680447521904195,-0.015507043220404625
0.011135816276207041,0.024890144835601896,-0.016889508621413935
0.010815339839083117,0.020645447545763803,-0.028805451784689146
0.010103026107076035,0.016615421560298577,-0.03456829894896575
0.009091070219189123,0.012387067830683383,-0.02798814628313287
0.009941642316557356,0.009985029378894944,-0.02291496443629456
0.008572374818643506,0.006803391733534187,-0.014804430820717819
0.008316973482138052,0.005180634361225311,-0.006996875256636031
0.00892446887206593,0.002463496920895124,-0.03153465783734396
0.00642174503844014,0.0007202424228429811,-0.026098784982315486
0.006658976703403472,0.00012002695365834707,-0.03665910048612273
0.006343389424562539,-0.002189642271512838,0.0027873256714296907
0.0036529628509106614,-0.0012910342732744653,0.01106907300178681
0.0038827025888746813,-0.002559293833645922,0.02899308670397194
0.0028529077821539874,0.0006008214948147609,0.043614156573967874
0.001926533977981911,0.000818349127861475,0.03132733835099521
0.001127022596616975,0.004635048288327441,0.05756752230290119
-0.00020292435067563753,0.006753415035347255,0.026487321535029473
-0.00015526035438522763,0.007536131583682001,0.04128599465702861
-0.0016222297248257216,0.009815847432134702,-0.04838620729649444
-0.0013468196836365078,0.0035707322867297624,-0.05120936803684593
-0.003925081886175045,0.0010298118088355134,-0.18574314855396515
-0.006307379094961154,-0.010313953423873118,-0.2288981538759724
-0.01033069274593599,-0.024346645760361312,-0.29848543626040835
-0.010035331497183067,-0.03871836667114332,-0.19930738594578484
-0.009803009049729885,-0.050937793479944954,-0.12202628869766523
-0.008989669214883363,-0.061409103357404835,-0.10246963697246662
-0.006571892069264664,-0.04306186533938652,0.3223974641625465
-0.006973411168216347,-0.04300778306375912,0.26891954817772973
-0.010256981910581539,-0.023795299158500392,0.4631015850822219
-0.012418684694477666,0.015161946988306224,0.29621829323756144
-0.015393022293565173,0.03659311166999525,0.28832638792232373
-0.01411651269449654,0.060507165745954855,0.11215952859089372
-0.014053252016590523,0.07322129248633953,0.016227740451676624
-0.013774426149681574,0.0802726754863386,-0.09579019721996822
-0.013126993298066483,0.08305941300091,-0.13827045003503927
-0.011559020870659685,0.08438065908297096,-0.15394234603258036
-0.009596213833418922,0.08457576755524593,-0.13080925285140718
-0.007410676484968578,0.08430210171298531,-0.08793389253521001
-0.004911081483066669,0.08322515735276005,-0.029711005641143224
-0.001528793433670868,0.08210276984887033,0.019604224297627208
0.0016524364824297437,0.07611044662117585,0.03886611062492225
0.005709034294627534,0.07851050786761991,0.03148347126853373
0.006159897629136747,0.0631109304541134,0.012176380034763203
0.009444874317184958,0.06721188089491409,-0.006693038252742252
0.009896841320323167,0.06183154557162186,-0.003628799781040498
0.011364188583382865,0.05442689727258284,-0.03948168129282834
0.012724984742783899,0.0531584206303957,-0.058593473813081165
0.012603715112347062,0.04241842636431532,-0.11182699062224535
0.012830415529158451,0.03778252334432865,-0.14907889800222598
0.010791578185056895,0.02741628320383618,-0.11890908698272602
0.009174346195428982,0.013753258047031735,-0.07257787067258986
0.007021131684275335,0.01515460083409153,0.03562800710553753
0.004950493419208988,0.013503375298449905,0.1461804352552139
0.002888370575043443,0.01812185905569567,0.1885709514753114
0.0016959419725968677,0.0253546579550253,0.12999029318380437
0.0013496039409350896,0.02852109409301256,0.024368650130607607
0.0009361700171007544,0.025522506951801215,-0.10772505315397145
-0.00030721994173534727,0.018791576389658483,-0.19557999269398907
-0.0022372193224418713,0.005305236939586738,-0.23588230748946817
-0.003955150671161879,-0.009442975893582726,-0.21953561587443796
-0.0049209302574591005,-0.021948957058537995,-0.16795790219686177
-0.004991317051492193,-0.029246750156703367,-0.07164889841625052
-0.004863505069379698,-0.0295157228600295,0.045226181263337065
-0.005171426729842951,-0.022657494461922334,0.1662930377170845
-0.0069286445545231065,-0.009255604203383542,0.26021349741309674
-0.008732437460996034,0.008940145356963832,0.29266232598881253
-0.010871014273213842,0.028449208282515747,0.2909147103478945
-0.011573519636646282,0.04543032765545982,0.23614639788528505
-0.011640197205207124,0.05867067456341228,0.17485968241846853
-0.011336303200781498,0.06855237872725789,0.10256656726694942
-0.010545037866852335,0.07459233230261729,0.03641767437352553
-0.007880501511988151,0.07886899922996621,0.024632039733829093
-0.004437101116212809,0.07941836947828926,0.04015554848995323
-0.000993558889487134,0.07673549132516558,0.025001348514414042
0.0010673422348424027,0.07156070191840835,-0.0083094399823773
0.0016616785449413971,0.0634332264732682,-0.007118102361178254
0.001133771546497785,0.05712336174658299,0.02058798358893679
0.00037881456145268404,0.05172576731786607,0.05017827115027841
-0.0005749628980404725,0.04939722721450588,0.07563329035842654
-0.0017982458628768533,0.048464825287674033,0.09956872957820968
-0.0032943577906227517,0.04931662301250862,0.11291834570661838
-0.0055496882373265955,0.05325785678911559,0.1493749440233566
-0.01010376277261927,0.05972999815339674,0.17718537001591345
-0.01339452159067293,0.06516201908428992,0.1004701439590687
-0.009272420723745033,0.06822572560204725,0.05002319386676373
-0.008628097411930205,0.06819528070926144,0.08667331418883288
-0.008168888163194213,0.06769414141363869,0.10199808446377277
-0.005375689885105166,0.0654035539372863,0.11566898350097941
-0.00241057832995254,0.06358253590004001,0.09818658819268523
0.00022826945615714775,0.06380895005416673,0.0925968342213557
0.0023912370360275608,0.06491312763832893,0.10765587330727656
0.0064990443747318825,0.05800544627927939,0.02439577927378491
0.008099625320703196,0.04130625387305967,-0.16972251286499943
0.003919888182042337,0.048919919645544485,0.008666769322269443
0.009508131541718914,0.05183384055684427,-0.15447163242558215
0.006995235298449627,0.037164837453476075,0.2227297253331543
0.010254685451369167,0.03322291343790482,0.07496127798189993
0.013133740318722137,0.02829883566565644,-0.16637596287590944
0.00596614081721568,0.023060791617546705,-0.23268940271461092
0.001292063005348344,0.0009382114878105428,-0.3189033860162155
-0.0017990838817880696,-0.01635453901814382,-0.3067308847716038
-0.003840663918745132,-0.035083453142872124,-0.23185591488334378
-0.005039516278190846,-0.04622033193990874,-0.19424634143824399
-0.0053291161839911965,-0.05495172924605167,-0.1693847611441632
-0.0041824236187424126,-0.059776483000688246,-0.13218259243751979
-0.0007041801838790768,-0.05799121249590467,-0.054071191583025015
-0.0006008811606910337,-0.06416184538608347,-0.09199493643453364
0.0005817599528805366,-0.059370342414074365,-0.09669224566599251
0.0045243371653264875,-0.05036717468070904,0.06495414992370362
0.0031978015996665604,-0.054074105560406746,-0.020631869718923862
0.0031143086490519685,-0.04235773897804073,-0.04406475203678041
0.0008925282852961921,-0.049539617836091135,-0.09031056151413827
-0.0017395318083288749,-0.05070103804724663,-0.18448679449498195
-0.002674150968906249,-0.05635356427955544,-0.15142772368937332
-0.0015386908757576455,-0.058965393479424116,-0.08482701625292537
-0.0038970963477752496,-0.06300703178919002,-0.09410040302421015
-0.007032632641861659,-0.0650905162468656,-0.12203238784064958
-0.004750582551473854,-0.06729430516471649,-0.08738920626994674
-0.0032816162526715,-0.06809567470095047,-0.09605619653747269
-0.0007976776919800955,-0.07005580770656204,-0.08975831911533914
0.0015677903901832552,-0.06410058549651915,-0.0823891980710828
0.005875721273577742,-0.07325870679927432,-0.08546659296784002
0.0106350144444316,-0.05300082283949222,0.1066773673243245
0.002490789370680989,-0.04271814707923797,-0.04888252167322277
0.007290269948681853,-0.052906565980080714,0.024552485592000815
0.006383442599045713,-0.04920776704041252,-0.06355493485902532
0.008178171591307069,-0.047197497943647915,-0.09974459071046078
0.009772568700510981,-0.04630975346954632,-0.05789056258776819
0.012182633601323442,-0.033030904798286936,0.1490863867446086
0.01003346389542771,-0.018828232352551145,0.36299787830558494
0.00496934529064886,0.003927474137883471,0.38359197934003686
0.003044253666469035,0.029693550790273544,0.2820233565433918
0.004037836176219409,0.04845979895252983,0.18228781266580976
0.003565979068471205,0.06186470248635218,0.12247641952899639
0.003579861518920411,0.06743846462291544,0.08009621376356621
0.0026789300118339365,0.07027631457870855,0.048361743385444585
0.0012241803553135696,0.06923157192077686,0.051896505412165034
0.002027622576277339,0.07114282662615466,0.0483570774131785
0.0015562722939551081,0.06989915069521109,0.07169908687872804
0.002112336792213124,0.06868739052737188,0.02298364878563918
0.00465096750149359,0.06891742341258468,0.059112081682249275
0.008494425622675087,0.06905826935304307,-0.10401696419381053
0.0018506568310075737,0.044628745796720486,-0.008833770806434917
0.004194251647031429,0.014952982697347458,-0.18412782862820873
0.0025860956888986613,0.04762286896733082,-0.08353997061113193
0.0028645751563045473,0.022158703640856044,-0.12707916036252256
-0.0010217048038895272,0.04244885034683275,0.05320038687047439
-0.0038367368612873616,0.03675661973865499,0.13522102597814564
-0.007183527844533455,0.043430062428089014,0.1640081832866195
-0.009716065990518316,0.053253616291541565,0.11031116690047245
-0.012165407150035307,0.06319000315355756,0.04526389603157053
-0.011247135912583419,0.06735897573245922,0.0011133590961011958
-0.010994784741456569,0.07435263948210459,0.05104801677879767
-0.010601468426896073,0.07425709659317144,0.044858008304099424
-0.007610427084474759,0.07440108145885371,0.04492571851768881
-0.004161794182664616,0.0728188518200706,0.06350609203469844
-0.0033175281163757824,0.07034567331969513,0.08349497388371122
-0.0009249643144344346,0.07046657610044026,0.08254561490274819
0.0014518001956943737,0.06675516453134554,0.07291806873880023
0.002787713178481564,0.058739266342641455,0.060640817056309484
0.005153502548678921,0.06387939581468025,0.05896935683525922
0.007872699136003091,0.06059806700343335,0.02335555348609578
0.011223538598129511,0.05413834006351889,-0.03632639962549471
0.013265481374878778,0.05001107710493849,-0.08700413564619901
0.015205888358868361,0.04670962647161768,-0.13874915023215245
0.014212787569429638,0.030494427206657966,-0.1744100145851373
0.01264129765364304,0.02048595441691502,-0.15668695003406835
0.01064210967526893,0.009598629305585507,-0.08724966040831203
0.008979459571831798,0.0025019733563111405,-0.03974572341934686
0.007192882486457262,0.0013353840643485144,0.01584567849960948
0.005760490327066022,0.00308972416041701,0.09588642509262263
0.0037898687299058867,0.008921767513131324,0.10597238917137008
0.0036999273571052967,0.007960152633522989,0.05983913059968408
0.002768039764318889,0.008223933005661632,-0.05852056352594671
0.0016846344432832371,0.004676023536439906,-0.1476078687372254
0.00013944583753101384,-0.003966927239252622,-0.17659805596916897
-0.0010901383707194086,-0.013323470115915562,-0.1483111422275702
-0.0017531977182441533,-0.019504300132195375,-0.09678057740393295
-0.0022032978073181796,-0.022551739013717872,-0.012159619527090321
-0.0027184259528572428,-0.019525908764961235,0.0841191361684841
-0.0039523856180262535,-0.010417623304545034,0.1923464685664038
-0.005832353082054474,0.0022388256998173983,0.24342285211472953
-0.007889857395183006,0.01840975435890825,0.26169452217101147
-0.010508839623182479,0.03606127568091318,0.23923241826775754
-0.010955052361611827,0.04907408334907803,0.16676420363581568
-0.012043526300885048,0.0609812771307612,0.10452383172929292
-0.012463414811191698,0.06745180766573568,0.010088269002563833
-0.009646554639051714,0.07405491832729323,0.012177598189913362
-0.0065050792880035875,0.07506669541665069,0.04398887367826069
-0.003945425579191642,0.07742078326150088,0.05458098880048103
-0.001239784256674593,0.0744908560843081,0.04817949894731049
0.002234054473781296,0.07219078582589089,0.04856916735048804
0.003452446868009003,0.06204129802352834,0.05092547542395152
0.007241650163940126,0.0665288856901147,0.03601071047353512
0.007496517462608533,0.052669924833132806,0.016682856619691953
0.009681535927117166,0.052960204930028155,0.0010258562251340916
0.013224111121153043,0.052307980781202655,-0.036852536435150705
0.012053584307413164,0.0433862641408077,-0.03856056798184606
0.014751023390806027,0.04253273526038788,-0.047131775851487416
0.014731943569035774,0.03498968359965232,-0.036513865829747416
0.014850699428292077,0.02984163802510578,-0.03439016064702821
0.014630940641120868,0.024781723513694072,-0.023555346958988248
0.01422904337154408,0.0198073242866348,-0.03552559750386574
0.01333768524498159,0.014784184483715856,-0.04031448806422161
0.012984096342682615,0.01248204403952955,-0.0315491462084697
0.013000801501781229,0.008791509133638587,-0.01001799320307263
0.011921758403649564,0.007151526159766479,0.003697818660719189
0.011789231044333605,0.0045174124821289316,-0.01404261937547234
0.011191124025860512,0.0037984170015926202,-0.011259607652458429
0.009395651288328706,0.00300003429901871,-0.03308686628034985
0.008640927741838599,0.0013099900439189447,0.002893192368026458
0.007131809834567276,0.0014159007682841038,-0.005370613411642165
0.005592950417747559,-0.0013347895042621185,0.012690266433104206
0.00447300185570635,0.0014569372056310044,0.01277198950294987
0.003222405974334688,0.0006607601916870489,0.019179126466158106
0.0019606972682644597,0.004273834769825409,0.05304067442811296
0.0007183774057471973,0.004629233732636831,0.037491466832822035
-0.00017594815820078804,0.006289097117801749,0.07186512379177548
-0.0015851460873611356,0.008156536551608834,-0.016322355867381486
-0.0023633265934116495,0.004731129456008571,-0.05042258785535151
-0.005062612842137451,0.0008560512147833136,-0.22552721091640238
-0.009784265726589629,-0.005556384395105393,-0.36097399683055625
-0.012097086793751134,-0.02510254272511945,-0.3355854490711298
-0.013081753112862981,-0.04799859418549827,-0.20309674097193375
-0.01145599838837487,-0.06264206426809216,-0.06239543735519878
-0.010510962829173557,-0.07222611804900222,-0.06242689084542347
-0.007150286547811028,-0.06285081011234285,0.18780400207928205
-0.008127345673646869,-0.04891578071840628,0.4134215565930234
-0.011012060218045286,-0.02840725145473455,0.5539466684080818
-0.012245816362659626,0.016226266444945396,0.2754621793778501
-0.015439342223472732,0.036307928131100085,0.2938879718690422
-0.01410410130668434,0.06058358044489643,0.1106693066637324
-0.014056577637931757,0.07320081722946828,0.016627044213602213
-0.013773535052128857,0.08027816181488208,-0.09589719034051113
-0.013127232066936105,0.0830579429436073,-0.13824178131479398
-0.01155895689273389,0.08438105298363807,-0.15395002779301742
-0.00959623097625247,0.08457566200988038,-0.13080719452990064
-0.00741067189156017,0.08430212999378087,-0.0879344440607946
-0.004911082713866739,0.08322514977494387,-0.029710857860307773
-0.0015287931038789771,0.08210277187934022,0.019604184699871335
0.0016524363940622919,0.07611044607711324,0.03886612123510822
0.005709034318305567,0.07851050801340118,0.0314834684255421
0.006159897622792313,0.0631109304150515,0.012176380796539795
0.00944487431888504,0.06721188090538076,-0.006693038456860175
0.009896841319867728,0.06183154556881733,-0.0036287997263476273
0.01136418858350498,0.05442689727333433,-0.03948168130748313
0.012724984742751239,0.053158420630194325,-0.058593473809154445
0.012603715112355855,0.04241842636436928,-0.11182699062329725
0.012830415529156123,0.03778252334431414,-0.1490788980019442
0.01079157818505753,0.027416283203840076,-0.11890908698280143
0.009174346195428808,0.013753258047030661,-0.07257787067256989
0.007021131684275364,0.015154600834091845,0.03562800710553206
0.004950493419208968,0.013503375298449753,0.14618043525521507
0.002888370575043433,0.018121859055695716,0.1885709514753112
0.001695941972596835,0.02535465795502528,0.12999029318380442
0.0013496039409350783,0.028521094093012567,0.024368650130607822
0.0009361700171007201,0.025522506951801256,-0.10772505315397106
-0.00030721994173537085,0.01879157638965852,-0.19557999269398899
-0.002237219322441896,0.005305236939586785,-0.23588230748946812
-0.003955150671161898,-0.00944297589358268,-0.21953561587443804
-0.0049209302574591066,-0.021948957058537874,-0.16795790219686108
-0.004991317051492196,-0.029246750156703347,-0.07164889841625113
-0.004863505069379726,-0.029515722860029396,0.04522618126333718
-0.005171426729842973,-0.022657494461922306,0.16629303771708373
-0.006928644554523141,-0.009255604203383514,0.26021349741309624
-0.008732437460996056,0.008940145356963834,0.2926623259888124
-0.01087101427321384,0.028449208282515716,0.2909147103478941
-0.011573519636646304,0.045430327655459776,0.2361463978852851
-0.011640197205207132,0.058670674563412226,0.17485968241846855
-0.011336303200781501,0.0685523787272579,0.10256656726694914
-0.010545037866852349,0.07459233230261725,0.03641767437352583
-0.007880501511988174,0.07886899922996626,0.024632039733829603
-0.0044371011162128125,0.07941836947828926,0.04015554848995262
-0.0009935588894871509,0.07673549132516552,0.025001348514414098
0.0010673422348424638,0.07156070191840841,-0.008309439982376286
0.0016616785449413013,0.06343322647326836,-0.007118102361176462
0.001133771546498134,0.05712336174658253,0.020587983588931595
0.0003788145614514711,0.05172576731786824,0.050178271150296855
-0.000574962898035969,0.049397227214498046,0.07563329035835407
-0.0017982458628935918,0.048464825287703656,0.09956872957847698
-0.0032943577905602283,0.049316623012398045,0.11291834570561929
-0.005549688237559819,0.05325785678952822,0.14937494402708615
-0.010103762771748886,0.05972999815185652,0.1771853700019923
-0.013394521593921226,0.06516201909003784,0.10047014401102063
-0.009272420711622178,0.06822572558059561,0.05002319367287761
-0.008628097457173358,0.06819528078931997,0.08667331491242777
-0.008168887994344485,0.06769414111485599,0.10199808176328021
-0.005375690515260912,0.06540355505235863,0.11566899357935637
-0.0024105759781792783,0.06358253173853341,0.09818655057967275
0.00022826067921984266,0.06380896558512092,0.0925969745950303
0.002391269792003542,0.0649130696760191,0.1076553494255919
0.006498922127765271,0.05800566259756471,0.02439773442685023
0.00810008155259364,0.04130544656222838,-0.16972980959557651
0.003918185501447154,0.04892293257058451,0.00869400109151199
0.009514486032209188,0.05182259616751545,-0.1545732627719756
0.006971520017083684,0.03720680208575151,0.22310901494948523
0.010343192086342611,0.03306629929813204,0.07354574986296988
0.012803429060194257,0.028883327592472245,-0.1610931400165212
0.011176644670888572,0.014548167807676956,-0.29931970320028206
0.007365563891739314,-0.006248413169006311,-0.3341440834173841
0.003208584926712712,-0.02199928988105287,-0.3164694894302201
0.0028832641139031677,-0.04570671934683201,-0.24491954937274502
-0.0004228000155397239,-0.05753455294921525,-0.17141769682108854
0.00024432391452443867,-0.06696108188054078,-0.11489068427247541
-0.0014014294444512222,-0.07098063764055818,-0.08712153934598611
-0.0001985019571933138,-0.0681613902560901,-0.05598722916975255
-0.00162009977284404,-0.07186532100310893,-0.051160981344459226
0.00011211059384009705,-0.06248083400167994,-0.08987807921365362
-0.001335531334619239,-0.065330593454654,-0.018031170278324567
0.0019136304898066808,-0.05745535546705681,-0.023083502818609433
-0.0040930032450083136,-0.06176629063977318,-0.08944407064437346
-0.002335429682536179,-0.05606253139312461,-0.07035315056035771
-0.008637121641391443,-0.06599058386024204,-0.16248045764342797
-0.009845204102968677,-0.06744953859128522,-0.09787961647294913
-0.010241205137148239,-0.071256007041145,-0.0528116131519183
-0.009748082271272156,-0.07343337131921684,-0.07260421140148215
-0.009893607396597164,-0.07267160563497627,-0.08509051161269268
-0.006487572066163179,-0.06639307685192018,-0.012497548913715215
-0.00724477741363116,-0.06743206211006963,-0.09754120429355859
-0.008029898292878718,-0.06690385011691015,-0.13903348651498945
-0.0037975450638504005,-0.06137752339351711,-0.08313417109837762
-0.001392975386034912,-0.0665767876007202,-0.11128868121126294
0.0037330962845164035,-0.05950902999533494,0.0016019940258498251
-0.0006271103503651736,-0.05417532665195098,-0.1335320283500645
0.005090087588790011,-0.056399767198548376,-0.012816959899661499
0.0040808484013113355,-0.052570892776825535,-0.05546489176418061
0.006026363145255376,-0.049566689155072945,-0.02877161483682122
0.005761385451888425,-0.04662196102990401,-0.039780783531554786
0.007374347099419847,-0.04455299727268502,-0.05602122869195793
0.010564714886908355,-0.02251959955829849,0.1732681414245002
0.008468225892302785,-0.004198047151322963,0.4681778757118714
0.005057742611106691,0.023301683108565972,0.3904009284744034
0.00536084078007871,0.047294011283036154,0.24354877383402188
0.0062141977625147235,0.06256364078098474,0.14719293994032276
0.007289609618749024,0.07008235415880158,0.08673805908727822
0.007634654617134286,0.07366637059536504,0.05087873302196844
0.00710292504232203,0.0732461877049089,0.04167920667346913
0.006664097344180444,0.07182891852634003,0.009585438543507494
0.005719056534940527,0.0702823889036342,0.03161807523581201
0.0050465452751787,0.06631920642084314,-0.023490692236539556
0.008319936397174047,0.06659357769482116,-0.0006278777716672302
0.009009403274978213,0.06913250980776618,-0.08892691172201622
0.004303242579603942,0.042603453631541874,-0.024404121943835115
0.004226432949484565,0.01824959033279866,-0.1376873814319516
0.0038600324774659884,0.051226395309700905,-0.009113625921447112
0.0028761343307156114,0.03218901643858746,-0.044158583456497584
-0.0003615440381066587,0.051966906957735565,0.13315630546862087
-0.0027519593051240723,0.03981896768287578,0.12472119246130174
-0.006266038783897727,0.052209842096923434,0.18351861512002493
-0.010207799345208782,0.059051032197546316,0.144933409873761
-0.013061602237180572,0.06734758058692805,0.04219685826039415
-0.013592847466686323,0.07337475286622054,-0.02293277456509229
-0.011872010649860031,0.07775862856944511,0.017299970408725617
-0.01002745306929623,0.07795384277980817,0.04997380045750124
-0.009670738305369058,0.0776297956886581,0.05463387902737375
-0.006623661595874075,0.07536207844001384,0.06378703875372185
-0.0031442644715504353,0.0723395642886135,0.06804003483641019
-0.0009067699964078978,0.07017865815005565,0.074380161812247
0.001520998499918473,0.06965497664892661,0.07811726741679037
0.0032224246947729026,0.06206332835200665,0.06319580518459773
0.005982303772741323,0.06395013515662375,0.04825157501241449
0.008573392023186762,0.06003299917968178,0.013704738356395768
0.01137400114034862,0.05536266708345674,-0.019297255373113352
0.01302162244317312,0.05036930948570326,-0.050229584185524326
0.01480343248426748,0.04520108765560743,-0.07556477292498924
0.014569143175681214,0.03483549834814559,-0.10266958773006589
0.013451010121152584,0.025612240397012542,-0.10525539752895116
0.011672493203820722,0.018018996512550102,-0.06623356791893689
0.009829749349612157,0.011601136807329278,-0.019649732823747244
0.007752528248962003,0.006651253806405097,-0.045751132930604295
0.006540480541496523,0.005942926014341831,0.010994586130891526
0.004699021367433496,0.009022090760632094,0.047342609877097465
0.004203329515600875,0.005044784957107367,0.06339814794895936
0.0031789620026411395,0.005662272345622388,-0.03140404445053274
0.0018652851720841852,0.001328866569073267,-0.1318294364316051
0.00037187160966058587,-0.005099959336276945,-0.1823516090139087
-0.0008450087211283374,-0.014260312933638282,-0.1603551817852624
-0.0016119978573750898,-0.02060282625679127,-0.0969271711367465
-0.0014098294834592223,-0.012363505124914322,0.1362349394337341
-0.002091470390076547,-0.005956810250182492,0.3212343970224722
-0.002979403488700655,0.014738937106880958,0.31602525824028643
-0.004338400036304244,0.033996136449872136,0.2359468799355962
-0.005674388507162704,0.04911411468963504,0.1736561455975247
-0.005711709345472274,0.06264165436856726,0.08377328142454804
-0.004361954423678195,0.07200857266133577,-0.002704056986441299
-0.0019780855103332167,0.08063879426398284,-0.017700038332311402
-0.0005328311910039706,0.0818365312396405,-0.03057522945973546
0.0026503613364150334,0.08531259100345444,0.0077093141972023015
0.003183670054881196,0.08399117918201471,0.01637998254222241
0.004050301614488491,0.08337341307775877,0.025960122422489615
0.0015753608817464313,0.07843657436346452,0.039084997978480154
0.008858724830707827,0.08096983723025378,0.02696536520111165
0.002386296717821895,0.06064130962273961,0.05420383536715872
0.011192880442159468,0.08041834240232161,0.026025172582680677
0.007016429763541226,0.049256505170471324,0.014605411991172271
0.011843743741430898,0.07271116408920136,0.017404946282729854
0.013684993212594958,0.05464429179943629,-0.035385653097915824
0.012970697523961128,0.0605262424523752,-0.0217327130235146
0.015807613516725928,0.05933495612647033,-0.02993181891455995
0.015214828168701525,0.05693292666799954,-0.03266403902371611
0.015181302710045525,0.05015894275523284,-0.03979638215618499
0.01484289725638603,0.04449719597002081,-0.03316640237491521
0.014411089163037386,0.0363927035394063,-0.04007689707903378
0.014013601893811579,0.030776734275869057,-0.03493328708841587
0.013528971041554847,0.02466233671115065,-0.0384859623819732
0.013365867515798345,0.01874788614651202,-0.03694273255543658
0.012444109382733869,0.012349773176295532,-0.07917695642249079
0.012129137080352017,0.008408606723411684,-0.07317213198634008
0.010696215538197093,0.005398951540655184,-0.03305133561808435
0.008937933855027563,0.001392296245042137,-0.0012294430997399981
0.008069792845974245,-0.0009002587484759165,0.055568330662610244
0.006275926150448187,-0.0011952591809354565,-0.004372002430652969
0.0050241159153794025,-0.0013568294571451563,0.030258447279890455
0.003647642848991539,0.003783854992583742,0.03043269781380419
0.0015934528469499693,0.007393709124595693,0.11766077325425868
0.00038187927854518465,0.009750263065947602,0.15195066278188682
-0.001896280989427267,0.022837346340885176,0.149255139453699
-0.0012788492404747442,0.015593131376642541,0.10068377737058029
-0.0025786848457554122,0.028007570630231935,-0.022818258707970787
-0.003396463050161209,0.017022564436973534,-0.1693430766638317
-0.00636779722418974,0.01768240983981741,-0.3726468096938529
-0.009784194279330279,-0.005556302050184624,-0.36097603066397416
-0.012097353438553145,-0.025102850040547364,-0.33557785870147944
-0.013080757980914372,-0.0479974472687072,-0.20312506861711785
-0.011459712271367353,-0.06264634461982822,-0.06228971714411286
-0.01049710242915231,-0.07221014355884871,-0.06282144404458342
-0.00720201426490358,-0.06291042772122075,0.18927649466483515
-0.007934295205297932,-0.0486932847730481,0.4079261394499695
-0.011749074916591423,-0.02926602059957719,0.5750209181758391
-0.016280609687781337,0.007779583114097846,0.4286202778178933
-0.016545338394373648,0.046863237752973935,0.20582184599137143
-0.01487549695185154,0.06923269328715459,0.03565142903955601
-0.014139224516840012,0.08234470460277986,-0.06644870481365338
-0.013185936982515318,0.08703484237590262,-0.11755643195579357
-0.012009737378926784,0.08834184314665197,-0.1233647891020873
-0.010700590959381176,0.08858290588370321,-0.14984616374405121
-0.008958462206761436,0.08780220079682909,-0.13308223871313898
-0.006568255080321566,0.08683555796376878,-0.07361355473846908
-0.0035183017767288992,0.08389356109842641,0.0033848639607678217
-2.9260751206557792e-05,0.08142487582163778,0.0391309086150906
0.0028658127050015364,0.07819020213771058,0.04711086611587197
0.005545029347590188,0.07557971193620763,0.039037363113446924
0.0067267412294835256,0.06730888819611698,0.029261807577097246
0.009797704559738123,0.07063427078867529,0.009056117912109748
0.011020326117531117,0.06729155996544968,0.007922026909582434
0.011731413282126943,0.05684762850756102,-0.031003390723409404
0.012906180108184177,0.05799558494127708,-0.03229052019257893
0.012479247088651134,0.04850244529032401,-0.06292054139228609
0.012583293972823258,0.05002604062420921,-0.05608130751514569
0.010888392336745274,0.03924854883005798,-0.05213355526303134
0.009347001302509988,0.03215942760801477,-0.031041191270061698
0.00739556978434636,0.03082497637648984,-0.003181490068772538
0.005418478553349378,0.025690867097422364,0.06387439923715553
0.0033332460134606807,0.026392478202892894,0.0877843585615533
0.001984963804374941,0.026387680450481094,0.05232490371836176
0.00045352306642754294,0.027115042486006588,0.033249211491194884
-0.0006729010568644238,0.026569316337840394,-0.0038501030225290066
-0.0027563133147643797,0.025033288370991787,0.00457272323025895
-0.003295477303559706,0.011043068928638683,-0.11906276300046917
-0.006618812922326765,0.0013118342518892402,-0.35297963708095237
-0.006926590012584124,-0.009689146160921472,-0.25511979154172887
-0.005696022411592045,-0.018426284423812167,-0.058280219319751275
-0.003947520345889587,-0.03286318903696687,0.051634221240621406
-0.0025449418384573892,-0.02015868559329266,0.09083727235126748
-0.002707203918322403,-0.009882970237469786,0.2603252484692739
-0.004129368423002833,0.0071309018118288665,0.32282580998363813
-0.006832126485255668,0.026477237780778796,0.3135474003196761
-0.007892767377791814,0.04505352500066089,0.24336200815924097
-0.00836611736343828,0.05917110448248776,0.1759148475440476
-0.00789721984500704,0.06839474007900812,0.11632996379210853
-0.007413176625378721,0.0729483783752148,0.06151691744209778
-0.006446618834091705,0.0742086891654223,0.03565794947978665
-0.005255565282358512,0.07374211425909824,0.028344569956045427
-0.005817637400294719,0.07193234784235163,0.05910498183732225
0.0005262972796317234,0.07160272629676494,-0.002778388398545716
-0.006744251677407612,0.06548462858104812,0.082442640147773
0.0020994374750033305,0.05630694804847672,0.012304464140101574
-0.007368993344099775,0.06326939909520359,0.09902416201692815
-0.00045846150465150875,0.04890039352004855,0.07614533027398022
-0.008321625236464672,0.06247216082362108,0.1208719018340012
-0.005137993785290887,0.053534511068278376,0.11080676995888429
-0.011123859069126342,0.0658096255065278,0.12669557465628015
-0.011471943743173691,0.06882088597308425,0.10950235711423369
-0.01202718898955238,0.07212707174116734,0.0936771676665924
-0.008444579779884373,0.0681876701966575,0.035921729737006525
-0.010472957413051919,0.0689689913649329,0.09209011944314872
-0.010313531655825901,0.06446492718861115,0.09282281285776345
-0.008718443441493603,0.06485635344434357,0.11665173128133882
-0.00571309262994703,0.059724902645923825,0.09298987273429953
-0.0028477598805315275,0.05813983149510492,0.07807551044096209
-0.0008363004241327427,0.059187590453760125,0.12664446156794895
0.002190361629336884,0.053198880905092796,0.06900520485198872
0.004289605031464123,0.05011408240294725,0.0017008089583570379
0.004079376140144816,0.04941216897404556,0.08636800222596805
0.007170161828999616,0.050630548606778736,-0.004523045588984378
0.007407232099173779,0.04311204257308957,0.0403223769536333
0.008224666710125339,0.04148699782742925,0.01912776996541319
0.011269632360807021,0.02551188401726662,-0.10453363684757526
0.011840098074633194,0.011759258916575581,-0.3260791763405391
0.008929074517590249,-0.009043997034451507,-0.35905391107899726
0.0062572109039199224,-0.026523747294531014,-0.2896635824606874
0.006183236550436583,-0.04259550107853975,-0.20144680606693924
0.0032540066826060392,-0.05464271584305229,-0.16952672148372414
0.002297058815609209,-0.06228909378573113,-0.14279080070034475
0.0011748086876980993,-0.0678588310084073,-0.10292888264011736
0.0016728635221654414,-0.06751575792362767,-0.0858938357882065
-0.0007899442922497785,-0.0722699603408828,-0.05227347137119806
-0.00022213944771058946,-0.06948978450660052,-0.108876236837776
0.0008695674535074848,-0.05588829774960559,0.13984128147191213
-0.0005798075789208926,-0.051659902450053245,0.09388600556661793
-0.005081146495604493,-0.06509802285601284,-0.13240620719805712
-0.006569028967031246,-0.051912583120007426,-0.059293422194675684
-0.012659779499219453,-0.06331316312953424,-0.16647765304946321
-0.011611082165858736,-0.064584217821268,-0.09301833827397149
-0.010822822605123324,-0.07033256366081674,-0.08299115445594868
-0.010154728918712365,-0.07363200645687701,-0.08182866720730142
-0.009078541203118977,-0.07126941622365573,-0.057189837076434984
-0.010405748207557687,-0.07017749857300205,-0.07846705852389795
-0.008348166788583375,-0.06403497285617192,-0.046722142306261844
-0.006803888209857135,-0.0625815003651106,-0.10230673327449485
-0.005919669502779686,-0.05933953099929717,-0.1250001794787545
-0.005216485904181003,-0.060924977678888374,-0.17004627452817392
0.003308260186261664,-0.05373233783367272,0.024959617287927966
0.0023911500253440614,-0.05080836195938444,-0.03434627368153377
0.004720429391381886,-0.05001259585702215,-0.06202061954478926
0.004234543332530972,-0.047212251340084575,-0.10212538007398829
0.005836745876474648,-0.04936007801908595,-0.09694711298991772
0.007942540553439929,-0.04688665183081088,-0.06214625796207388
0.009393722174615735,-0.038619290814868854,0.05614561279856261
0.005968539470315924,0.002133363749604677,0.47424066088421346
0.010071630679537969,0.0051884772257360335,0.3713282865680172
0.009075228064524628,0.04074905220893437,0.22242200912569735
0.011406556624862632,0.044262921478248576,0.10512688570302428
0.00884986560800428,0.05829732879755835,0.13608440017946197
0.007157108753409209,0.06210798199476949,0.1463032433424227
0.006703013789430797,0.06819226750621879,0.10267236374119729
0.006560087060854311,0.07083950411702068,0.06606955754671229
0.0071576505680770635,0.07137750868436235,0.02700885090660178
0.005834373730966781,0.0695853139450619,0.04004164040748145
0.005866881714133876,0.06829060891222499,-0.015257662052124196
0.00882184429602151,0.0668572820636949,0.0035293469956694332
0.008981982682697932,0.07188536865930265,-0.08071444331346256
0.004484306229713243,0.0461223937883859,-0.013300013463464494
0.004200789194857025,0.02085543391436995,-0.12738552570529174
0.003912595986332116,0.05899558596101897,0.023378633973662338
0.002856579405774857,0.03735954883013744,-0.034056733589843055
-0.00012033075065264191,0.060166905305911386,0.13352411790771407
-0.0022255814311586265,0.04207557083193493,0.08757415844215971
-0.006238404615366653,0.05543728962657184,0.18561206901735872
-0.010199058068869461,0.05868720645055914,0.14376840414666672
-0.013063944455116529,0.06744506740201892,0.04250902060414669
-0.013592219871281884,0.07334863135284433,-0.02301641821300772
-0.011872178813541837,0.07776562780785938,0.017322382656636624
-0.010027408009973501,0.07795196733952744,0.04996779511377267
-0.009670750378978197,0.07763029821136677,0.05463548815437586
-0.006623658360760268,0.07536194378945986,0.06378660758944109
-0.0031442653383965554,0.07233960036812075,0.06804015036653127
-0.0009067697641371729,0.07017864848258083,0.07438013085604386
0.0015209984376817328,0.06965497923931867,0.07811727571148033
0.0032224247114492053,0.06206332765791322,0.06319580296204252
0.00598230376827294,0.06395013534260559,0.048251575607946434
0.00857339202438407,0.060032999129848094,0.013704738196822736
0.011374001140027809,0.05536266709680966,-0.019297255330355867
0.013021622443259101,0.050369309482125306,-0.050229584196981356
0.014803432484244426,0.04520108765656619,-0.07556477292191889
0.01456914317568741,0.03483549834788865,-0.10266958773088843
0.013451010121150927,0.025612240397081428,-0.10525539752872994
0.011672493203821141,0.018018996512531638,-0.06623356791899615
0.009829749349612017,0.011601136807334239,-0.019649732823731694
0.007752528248962018,0.006651253806403806,-0.045751132930607785
0.0065404805414965225,0.00594292601434217,0.01099458613089245
0.004699021367433487,0.009022090760632017,0.047342609877096695
0.004203329515600858,0.0050447849571074125,0.06339814794895964
0.0031789620026411395,0.005662272345622353,-0.03140404445053281
0.001865285172084197,0.0013288665690732707,-0.13182943643160516
0.0003718716096605775,-0.00509995933627693,-0.18235160901390837
-0.000845008721128359,-0.014260312933638282,-0.16035518178526253
-0.0016119978573750928,-0.020602826256791263,-0.09692717113674706
-0.0014098294834592182,-0.012363505124914331,0.13623493943373396
-0.0020914703900765507,-0.0059568102501824345,0.3212343970224729
-0.0029794034887006644,0.014738937106880982,0.3160252582402867
-0.004338400036304245,0.033996136449872184,0.23594687993559574
-0.00567438850716269,0.04911411468963502,0.17365614559752374
-0.0057117093454722625,0.06264165436856724,0.08377328142454794
-0.0043619544236782005,0.07200857266133574,-0.002704056986440613
-0.0019780855103332298,0.08063879426398285,-0.017700038332310625
-0.0005328311910039745,0.08183653123964059,-0.030575229459735183
0.002650361336415044,0.08531259100345452,0.007709314197201981
0.0031836700548812133,0.08399117918201475,0.01637998254222198
0.004050301614488509,0.08337341307775877,0.025960122422489285
0.0015753608817464426,0.0784365743634645,0.039084997978479995
0.008858724830707832,0.08096983723025375,0.026965365201111733
0.002386296717821894,0.06064130962273959,0.054203835367158865
0.011192880442159466,0.08041834240232161,0.026025172582680736
0.007016429763541226,0.049256505170471324,0.014605411991172365
0.0118437437414309,0.07271116408920136,0.01740494628272998
0.01368499321259496,0.054644291799436286,-0.035385653097915776
0.01297069752396113,0.0605262424523752,-0.021732713023514653
0.015807613516725928,0.05933495612647033,-0.02993181891455996
0.015214828168701525,0.05693292666799954,-0.032664039023716014
0.015181302710045525,0.05015894275523285,-0.03979638215618485
0.01484289725638603,0.04449719597002083,-0.03316640237491512
0.014411089163037386,0.03639270353940633,-0.040076897079033766
0.01401360189381158,0.030776734275869085,-0.03493328708841591
0.013528971041554847,0.024662336711150666,-0.038485962381973236
0.013365867515798345,0.01874788614651203,-0.036942732555436605
0.012444109382733869,0.012349773176295539,-0.0791769564224908
0.012129137080352017,0.008408606723411685,-0.07317213198634008
0.010696215538197093,0.005398951540655185,-0.03305133561808435
0.008937933855027563,0.0013922962450421373,-0.0012294430997399992
0.008069792845974245,-0.0009002587484759164,0.055568330662610244
0.006275926150448187,-0.0011952591809354565,-0.004372002430652969
0.0050241159153794025,-0.0013568294571451563,0.030258447279890455
0.003647642848991539,0.003783854992583742,0.03043269781380419
0.0015934528469499693,0.007393709124595693,0.11766077325425868
0.00038187927854518465,0.009750263065947602,0.15195066278188682
-0.001896280989427267,0.022837346340885176,0.149255139453699
-0.0012788492404747442,0.015593131376642541,0.10068377737058029
-0.0025786848457554122,0.028007570630231935,-0.022818258707970787
-0.003396463050161209,0.017022564436973534,-0.1693430766638317
-0.00636779722418974,0.01768240983981741,-0.3726468096938529
0.000743369711195994,0.0012668034179555438,0.018848202585193076
-0.005878135562087599,-0.011772511940036423,-0.1451891892994139
-0.0029552313720975065,-0.01286500857373372,-0.0576418682102037
-0.0029875619408809865,-0.023692562587209674,-0.020695647945524417
-0.00398255325810782,-0.02794851302121387,-0.08750427968207593
-0.0032704748595161377,-0.018335346005036897,0.0375764832581867
-0.0036516729091449853,-0.018208589805861618,0.0775713836742655
-0.007072485693206849,-0.008678577855701555,0.3287000472310979
-0.008379744509940189,0.010350602801118724,0.19452533897538662
-0.010729090866912046,0.022649561580768262,0.19004018135387318
-0.010093527767214639,0.0411359152734396,0.027028622326186733
-0.00952086668169593,0.052174667402036336,-0.06464888619458124
-0.009085458974739764,0.05732791169844953,-0.10439989823706265
-0.0075529566220006806,0.05634484260757445,-0.11813524509497085
-0.006532485939903579,0.058828114968721694,-0.11375493803678244
-0.005148701637701027,0.06322968042642345,-0.06727190623565982
-0.0033421056285346806,0.06639881585925667,-0.017076907377809234
-0.001484763510270947,0.06743281669174295,0.01220032962730021
0.0006465218110644191,0.057785942091849216,0.020232135588519762
0.0007983978474679757,0.04079506272747086,0.021087411653316
0.004010687426928793,0.05354932685183093,0.025284622880166596
0.0012350096190542534,0.027166775254997055,0.016258076757123565
0.006026047785712881,0.047595248150728915,0.00959867288605601
0.00266715108627677,0.028591927927175464,0.016087271420369812
0.00616775588912773,0.0336679610647278,-0.024536482260406247
0.005562003805390061,0.03622958056189259,-0.003486185739811156
0.006881846244052378,0.0305367742676731,-0.07289699681261176
0.008667155110622026,0.03980871415234748,-0.08430449783306201
0.006720107403394957,0.02526281250327933,-0.08677226339387589
0.005706945513101607,0.01801041480194986,-0.059398546686836085
0.0044714769102223925,0.014741599461755956,0.006641271326018424
0.002790094921357899,0.014070986911342955,0.08112177868327149
0.0013355571596649612,0.014603379353253303,0.120324015912271
0.0003547688616276435,0.017141541087433813,0.09974753290830249
0.0003344034989116049,0.020991870383403798,0.02685556612247491
7.729871875490899e-05,0.019099880159886916,-0.0628777521330229
-0.0003882876654079017,0.015246254224329321,-0.11857780725877452
-0.001409963230648028,0.006741227627348801,-0.14506922725810356
-0.002554582096137269,-0.002688416929129526,-0.14118828439249878
-0.0032996073000156967,-0.012707525710086423,-0.11105941524925379
-0.003588680279001656,-0.01781515860927033,-0.06743302309163551
-0.0033391933069051504,-0.017576885499849003,0.0038919673619563573
-0.0035139634304691744,-0.01424747411896685,0.10975430539888667
-0.004989753117912702,-0.005595396207916237,0.19457855141413086
-0.0064039546100613555,0.006873692534675714,0.210457035600566
-0.007430216184119744,0.02018365217248803,0.18912947478175998
-0.00789973235266709,0.03037733446031736,0.158717768430445
-0.00954203317135123,0.039290205228536504,0.11432962480224546
-0.009719649292779192,0.04832798343066284,0.038576791278599705
-0.00822161813834506,0.056459650629977064,0.01919055013922706
-0.005531397325058562,0.061804603639721525,0.02541628826781023
-0.0018544300980272424,0.06165896350203986,0.02027276687959453
0.0005382743595321071,0.06177558178262462,0.008899772923599189
0.00127554630748709,0.05710652693547484,0.016194907858927063
0.001213499810443126,0.04781574895958891,0.03125940999399512
0.0009277899834478881,0.04218477568504057,0.0375263565301721
0.0004933780508947464,0.03552104994681139,0.03931539861956044
2.3940715594872222e-05,0.033638071329262755,0.04309831353100911
-0.0011214690701658767,0.03603380012053034,0.06488009100010032
-0.0020907377677679244,0.03787837619668816,0.08000620689321099
-0.004630816086324509,0.042786131305717325,0.11470032190900745
-0.009408434306841216,0.05009350301517834,0.11867713900552236
-0.01037881694080539,0.05372232633462158,0.05410140193753653
-0.007949512155457113,0.05806005321080386,0.057273619404558315
-0.007982558157333683,0.05872784761580418,0.07622793161417227
-0.005429867636239751,0.06112573157486985,0.04769056268178754
-0.0022012744583431443,0.04803594535753521,0.04119348159804158
-0.0003374190768903873,0.037223576473448254,0.047574235335727105
-0.0011259815676073056,0.045493726767625996,0.100755077758895
-0.002048426484787523,0.045201614520920363,0.13878628174590116
-0.000309689258100279,0.046923723287221684,0.10646549307398882
0.00226743127143481,0.05033713338276085,0.0708723908200832
0.002126172061866864,0.05659596895917322,0.10602867962181599
0.006696865546460059,0.07086977884129073,0.045352451281588387
0.0037538860888202486,0.02359615204393104,-0.027969065806734767
0.005207703438270583,0.02642907733826739,-0.08724321966433102
0.00724449965896897,0.0324828474560737,-0.1662048986267693
0.004908789777773598,0.014221816795675106,-0.21311255068249899
0.001813391541245794,-0.002235848655158165,-0.26192265841669204
-0.00116107104890397,-0.01907236156866983,-0.2582027629888155
-0.0033695249551722616,-0.033614857802819,-0.21968234281194812
-0.003779289979123821,-0.04428010727793276,-0.16570224868692637
-0.001706520010255437,-0.04963577410043369,-0.09865529534371943
-0.00018078555640893923,-0.04846166776651246,-0.04394254833483393
-0.0005913588508027545,-0.051384991018201716,-0.07061342298830318
-0.0009987664372063437,-0.05619026412909309,-0.12293014277537316
0.0006393639608593465,-0.04962918383001479,-0.08748571373968544
0.002200594399306024,-0.04800418584307354,-0.0482420031679584
0.003015623328315649,-0.04658337941262615,-0.034988662864347056
0.004096677491947473,-0.03922470171412405,0.04690293365921592
0.002551220848979272,-0.041187793934991945,0.0136663125032513
-0.00069326101039927,-0.04110430093301609,-0.11524674451305718
-0.0022505078280723907,-0.04233020391897052,-0.1435084557334341
-0.004779898730304912,-0.05050083987852889,-0.13638557206522398
-0.007196644869443682,-0.054204554425196075,-0.09433459004489626
-0.0050370570420073995,-0.05588165773065501,-0.060576482014807746
-0.002426065846636923,-0.05654790861582797,-0.04482817699740787
-0.002791290674513882,-0.056330348922790624,-0.08063233373194836
-0.001447981146025093,-0.05356405950013371,-0.07813440010009565
0.0004658402704904495,-0.050012016458788326,-0.06276964551486978
0.0028890449873751655,-0.0638040122332464,-0.07302093348486773
0.002013213151211168,-0.03619081920404583,-0.045520280070964717
0.0021935655254166383,-0.04342041758545615,-0.0636437299316896
0.002677544891804259,-0.04730265421314473,-0.06440637025199918
0.003313364223623027,-0.04959527022063386,-0.056108111810316295
0.0041257593224777525,-0.04943057710416657,-0.03231586978797542
0.005343103086976774,-0.04862901689870771,0.018349759134583806
0.005700921569922704,-0.04000106235415337,0.08621044328823689
0.004985194602701411,-0.028598082481167148,0.14295763442535855
0.0027946981050417344,-0.012720100503861432,0.19928633142478913
-0.00018785256754349437,0.0040773367340834685,0.24880230603931625
-0.002851195294184533,0.01911709836779322,0.24634485542844037
-0.004405820037218189,0.033176337094702184,0.20125574454852402
-0.005251841567782164,0.04129349389441717,0.14840706487295516
-0.0075013219748636395,0.05480103227063723,0.11153879560590353
-0.004782417238006011,0.04194607696581345,0.054008769895982495
0.0005999897385608743,-0.005439199738558391,-0.0064812620513156755
-0.00016076676591436176,0.0014574291774184578,0.0017366489325848576
4.30773250964783e-05,-0.00039051697111466084,-0.00046533367902204417
-1.1542534471740946e-05,0.00010463870704115316,0.00012468578350556463
3.092812790259499e-06,-2.8037857048383918e-05,-3.3409454997457596e-05
-8.28716689541507e-07,7.512721153877904e-06,8.952036486362383e-06
2.2205396768603594e-07,-2.013027565843762e-06,-2.398690946980933e-06
-5.9499181331432296e-08,5.393891109378924e-07,6.427273023768293e-07
1.5942757573371883e-08,-1.4452887641790915e-07,-1.7221826122289874e-07
-4.2718490360065765e-09,3.872639587734699e-08,4.614574439894179e-08
1.1446384869545484e-09,-1.037670629855308e-08,-1.2364714506214464e-08
-3.067049594503926e-10,2.7804303656534437e-09,3.313116018394847e-09
8.218134779902222e-11,-7.450137712236748e-10,-8.877462827649496e-10
-2.2020416488360926e-11,1.9962614389455532e-10,2.378715154714948e-10
5.900368646605504e-12,-5.348937689903177e-11,-6.373686336829794e-11
-1.5809792302973221e-12,1.433265017283348e-11,1.707831401318814e-11
4.236512421711548e-13,-3.840174667761612e-12,-4.5763027247048574e-12
-1.1346909952663121e-13,1.0291482871180515e-12,1.225855372402596e-12
3.043476950662842e-14,-2.7557596741757603e-13,-3.2936075501042624e-13
-8.13812597943717e-15,7.386481033580984e-14,8.67933236531814e-14
2.1823701745836053e-15,-1.9786814745117286e-14,-2.457666578958394e-14
-5.973468300210494e-16,5.1661975016812455e-15,5.2531451475274716e-15
1.4706118056327297e-16,-1.5590143443429012e-15,-2.478715796155575e-15
-4.3990289004453246e-17,2.320624393999085e-16,1.147828580030094e-16
4.646414027816509e-18,-3.4219850367870836e-16,-4.335510763581792e-16
-1.517123276025582e-17,-1.7302658800291322e-16,-4.048457497092347e-16
-3.418363379221839e-18,-2.095362813223863e-16,-6.145932331572399e-16
3.56398692777531e-18,-2.5428592395604133e-16,-5.662447542007852e-16
3.2992889666778927e-18,-2.0116644584212864e-16,-1.7806590307855715e-16
9.78242171932067e-18,-1.7075348936576924e-16,1.7142466709539845e-16
2.409500949738962e-17,-2.061953890499023e-16,1.2858315768782397e-16
1.7574745808573674e-17,-1.7219820636581634e-16,-1.0955531014719662e-16
1.3192810109692939e-18,-1.2438284006413508e-16,-4.019999264062546e-16
-1.0474298472377744e-17,-2.0448251097614318e-16,-5.695933152656186e-16
-1.7987092537359035e-17,-1.8361359846395429e-16,-4.28457078859968e-16
-1.5428609354149176e-17,-2.7012330643149726e-16,-3.9893629760440027e-16
-2.840513149949771e-17,-1.553368457845672e-16,-2.758620323557698e-16
-1.5901577848354708e-17,-2.562022747535854e-16,-3.3504796519632245e-16
-1.6731859278963988e-17,-2.4830259489007794e-16,-3.0112543223728043e-16
-1.0202844829859137e-17,-2.1291001932679157e-16,-3.250595029257071e-16
6.562271074571693e-18,-2.8289768262500595e-16,-3.3955528822916465e-16
8.037824976771709e-19,-1.9128084028190612e-16,-1.696547023595999e-16
4.114455701773952e-18,-1.593637492421556e-16,-2.1607209321517937e-16
1.4538330482041e-17,-2.334813043815135e-16,-3.6941072762038554e-16
5.814813780636751e-18,-1.8770497698288806e-16,-3.0170681455175134e-16
3.648233379421716e-18,-1.5985961511426036e-16,-2.412495392409951e-16
2.060781177790755e-17,-2.4873047536435633e-16,-2.855808229653307e-16
2.880900152360021e-17,-2.624230484867612e-16,-1.6229436950773997e-16
2.184072688707924e-17,-1.64818269109909e-16,1.6947880609050222e-16
1.843526524473652e-17,-1.148511744406707e-16,4.972979107857835e-16
2.038016245214163e-17,-1.320102518811482e-16,7.357376815538097e-16
1.3710191552378625e-17,-9.55125127117806e-17,9.230364985104213e-16
-4.112353368029088e-18,3.108800506511421e-17,1.0321169513438325e-15
-2.1308824347618792e-17,1.620649486784479e-16,9.896643753536611e-16
-2.7958217902354125e-17,2.1626477702382287e-16,7.965131903092009e-16
-2.428148421714861e-17,1.9025395803283365e-16,5.388685402032557e-16
-1.622642093222673e-17,1.284108654029555e-16,3.098207637371882e-16
-8.86903680764052e-18,7.074781145889833e-17,1.5332394228367597e-16
-4.099421517139084e-18,3.291595387036118e-17,6.608233781691557e-17
-1.636591493164246e-18,1.3213671821044365e-17,2.5055660475624663e-17
-5.726277711653144e-19,4.645312950224749e-18,8.42775572381982e-18
-1.7747983905168164e-19,1.4457242687369133e-18,2.532266882065467e-18
-4.912184993007728e-20,4.015991753227114e-19,6.835551662783747e-19
-1.2217051727708836e-20,1.0020586004876428e-19,1.665482398285737e-19
-2.743860347131219e-21,2.257115829232268e-20,3.676882612143685e-20
-5.586707021269302e-22,4.607785172675422e-21,7.378313513148303e-21
-1.0344050916996526e-22,8.552020998331045e-22,1.349196802134789e-21
-1.7459049832801208e-23,1.446612305486509e-22,2.252740822742835e-22
-2.6912674428514397e-24,2.234421818884255e-23,3.439867961568393e-23
-3.7940165420662912e-25,3.1558559910695224e-24,4.809096502413343e-24
-4.8961951056957614e-26,4.0796902113323686e-25,6.16036929224185e-25
-5.787258336863556e-27,4.8299141210316734e-26,7.23344496063487e-26
-6.266358307650089e-28,5.2376088013339976e-27,7.785761893619819e-27
-6.214410662655887e-29,5.2014825694266835e-28,7.6797521509111655e-28
-5.6413364549817445e-30,4.7280363360533297e-29,6.937522373500744e-29
-4.683310665126808e-31,3.929969931895351e-30,5.733716025725785e-30
-3.550850447529354e-32,2.983150046443784e-31,4.3295092643344735e-31
-2.4544491677370175e-33,2.0643102700667824e-32,2.98143956321938e-32
-1.5432859708807642e-34,1.2993308212145454e-33,1.8681425696969515e-33
-8.802493139005737e-36,7.418357593758548e-35,1.0621179542513717e-34
-4.53899371144418e-37,3.8288524627781175e-36,5.4604666874184043e-36
-2.1072613367074673e-38,1.779157436900844e-37,2.5280225332095757e-37
-8.764136118347636e-40,7.405825918449085e-39,1.0486829537681066e-38
-3.245524190001698e-41,2.744735395005705e-40,3.874046435944641e-40
