v_x,v_y,omega
-0.006099118775522563,-0.013843065666006286,-0.14707551168205063
-0.005173226581954913,-0.03751250104213278,-0.058737034113172826
-0.006707107668733003,-0.046421618277897474,-0.10538535305928877
-0.006465561488298464,-0.03188940677942543,0.1492705560478102
-0.012618506677682002,-0.011950003268127776,0.5114686840301875
-0.01726068205558537,0.0331288443005822,0.32688693385653445
-0.018431432477368868,0.07374858189513894,0.06289417275201373
-0.01512543422185574,0.08909500271066294,-0.1430604585361053
-0.012682795302727949,0.09157106157427723,-0.18916650667677629
-0.010691529920703415,0.09779517386788428,-0.18257871375834503
-0.006752228238315725,0.09164142643797897,-0.0783446736951921
-0.003119104704486841,0.08245180561629302,0.0003528184918249258
-0.0006800234640661873,0.0786620622894566,0.01909435714561388
0.002229975234226033,0.08283749661380023,0.039631427825790384
0.006048107659940105,0.08917188300173723,0.043877418189963865
0.009649691222563948,0.08413272928214136,0.023837245434230048
0.012487241130524643,0.07513969506560476,-0.033572047043693036
0.014146872535708187,0.06651201701239436,-0.13173455562916858
0.011407059649625793,0.04498494148104747,-0.14062323175673858
0.009422175080181774,0.029891576060233575,-0.09215621042994
0.006126710054639349,0.02169826258176865,0.04056837943108407
0.002620525610688709,0.020904600400064866,0.1717658361273602
0.0008076545853288204,0.02916192662783014,0.1690256758930483
0.0004476225133355715,0.03414259913632033,0.021283751966593788
-0.00015153308059265215,0.02669164579358341,-0.15350786524431706
-0.002247638458379648,0.012851378918442838,-0.24138352973232258
-0.004443394122544391,-0.006935758123141105,-0.2297416269642601
-0.005305058096394382,-0.02445827785409337,-0.13798049722995273
-0.005431729482781919,-0.0287526138519569,-0.011015159954660531
-0.006143806976623475,-0.02270599803895775,0.19243342951684325
-0.007987171562918031,-0.003083644574911907,0.30679246745938804
-0.009803466021894667,0.021019114710269668,0.2737282962482768
-0.011799241095667084,0.043288401822895596,0.2506377637741031
-0.015120024415514419,0.06279214777463143,0.17981558770227968
-0.014399455929900268,0.07442214135622857,0.050379410557902474
-0.009986006838086958,0.07740446221450495,0.024492556246243274
-0.0050802339129119075,0.07533738695761338,0.03296679666493142
-0.0006544695785959402,0.07151319044773623,0.01592736293769058
0.0010658373534836397,0.06497601431794787,0.009933931841051527
0.001440202683622121,0.05926788276500705,0.02542640191963656
0.0014532391160839925,0.059144705316600196,0.045452696782035236
0.0009494435001191634,0.05584089932608453,0.058114425784369934
-6.75854933822626e-05,0.05883905741724316,0.07760962188147295
-0.0020849795199389762,0.05732739172366009,0.10726904259275684
-0.004221116144703726,0.053229456610496766,0.12738570909864075
-0.009607201861459731,0.05863234574661714,0.1614838573705624
-0.012750557750442912,0.061987891757640225,0.07792354995525755
-0.009510199592204142,0.06358351618352617,0.06047350961231024
-0.008594238909352504,0.06471108279984047,0.07357133382488504
-0.007378955619881904,0.059931762904746846,0.07542257047286549
-0.0029575128095275325,0.051919662002951866,0.017800446330533057
-0.0020569855425177836,0.04692522195835498,0.06100222854727768
-0.0006046815716631736,0.059486653223309996,0.07906192270129049
-0.0019401590683627424,0.052995463330118016,0.1498426197027247
-0.0020712060670823275,0.05739469780669691,0.16094228234576605
0.0018553132824549183,0.056592374106277335,0.091262266743201
0.002468188206056897,0.059197982855423215,0.09406734621278559
0.002939851165594379,0.05447521207264566,0.09010985966369223
0.004348740903462477,0.04629125293200267,0.03554964675082961
0.006615601602370319,0.041510950567161455,-0.05656165278375523
0.01008347571861453,0.050840937985625834,-0.1736700517889319
0.006612442350932692,0.023651539511490304,-0.21811791991644766
0.004197926855708959,0.009464826792156484,-0.25459321378872635
-0.00016334353973375333,-0.014014134184096298,-0.2956053628525517
-0.0020328146748874233,-0.02589344589851535,-0.2561760298911772
-0.004648140039057457,-0.04485574857687713,-0.22226976020361905
-0.003041235687117181,-0.049455281587744856,-0.14396119976915983
-0.0011232750503943358,-0.0560317188236734,-0.08288353464205629
-3.663509354930349e-05,-0.05468556583639757,-0.04622080833755847
-0.0011452323735624231,-0.059467437292602315,-0.10707647075264913
-0.000559039614601016,-0.04800858501070777,-0.1100311829617335
0.000985491186330401,-0.06636555346691521,-0.11000001538363777
0.0031403425256181345,-0.06299775918353759,-0.060822184342721665
0.004421721474205662,-0.06415568296895922,-0.036407487545175615
0.005494213036585579,-0.05277283948385319,0.0718210414038452
0.0021662068383318167,-0.05386488734175327,-0.023850306007200915
-0.001932589797236169,-0.048262015742945995,-0.17598460358201598
-0.003131381688229898,-0.05205445134220138,-0.15322761395642098
-0.006531924809621463,-0.05595408018451658,-0.14165834794605842
-0.00815761072571985,-0.06430771542983267,-0.0915837269979555
-0.004688120339776015,-0.06431949740786963,-0.06464231994737574
-0.00266784014990447,-0.06619360206974964,-0.053442335950760804
-0.0033741780646007625,-0.06580742689723701,-0.10255010768722238
-0.0017370392160977533,-0.06698974062343797,-0.09482472485640038
0.0006658248704465821,-0.06775941828599008,-0.08674674113804666
0.002699827027612769,-0.06546678071844095,-0.07232855532327419
0.0031500701035264574,-0.057729981066198366,-0.07228304859773357
0.003849347888994851,-0.07457024531720162,-0.10723635843522737
0.004127087184968784,-0.07030936147623958,-0.09280738730568787
0.004753124559323908,-0.06416635100971163,-0.0602712689807851
0.005805389707663579,-0.059047277026754275,-0.006955715751596503
0.006458833448451322,-0.04964011541570709,0.06975849513502455
0.006220077373016006,-0.03829170946897435,0.1419796264041546
0.004359765490555552,-0.021945091374793075,0.20630216173691016
0.000956384997856141,-0.0014914071011946383,0.28076605641232877
-0.0025071158525997667,0.017347274881104643,0.30591265294548486
-0.00513849270856933,0.0365199237970078,0.26614995172701705
-0.006052480280533517,0.049628720967473214,0.2004263221383555
-0.00859684146568466,0.06058923299543378,0.1460042860011787
-0.007690918919703872,0.06546139905719409,0.09017922053279527
-0.0037507415230608335,0.06538161731480599,0.07965971755952232
-0.0021484903608419742,0.06347975080670275,0.0689906664854986
-0.0001764839154985291,0.06076808975326714,0.0701296589334872
0.0014800267573706653,0.06071313849391585,0.0676286466865792
0.003368367388769626,0.0645287739461727,0.07317970591467915
0.004643404391945797,0.06005395213883846,0.057407457157060374
0.008835097788316173,0.03128720271163735,-0.24497652845395537
0.009973161450000016,0.039407844186892714,-0.40932149243491706
0.007579153566779102,0.02037376801287466,-0.28406186973596514
0.005094451385634344,0.0022031941675129834,-0.058411925248930095
0.0036773644433547507,-0.0010721336806980943,0.07631612355020652
0.000953333666932882,0.007113593563603578,0.17417580668025018
-0.003067632082131665,0.020994254391547316,0.26695368959099
-0.006436404526209286,0.03499608819142683,0.2655598212290137
-0.006517936646779154,0.04455196172725304,0.15952946174949686
-0.0109280966879284,0.05658907574984944,0.1642610749103796
-0.012697593189013458,0.06069405424866785,0.0848108398340943
-0.006761280743896664,0.06257423536326456,0.06453691286067774
-0.004048778608985027,0.06521746879473883,0.0734008867804481
-0.003076764644343235,0.06638983657626651,0.09582578724993014
-1.8839515254366422e-05,0.06425483533923468,0.07945840964201822
0.0023526593956115383,0.06113828170380381,0.0658448644026888
0.004632960091266206,0.05490653451362615,0.050937288024248434
0.008980213408857657,0.06873745527908441,0.04410472315236899
0.01219996957825161,0.06140589792913664,0.0013055083419109016
0.014126911623206314,0.05017057826898204,-0.03449435019379955
0.015591116398437278,0.04449002506915069,-0.049456940627840514
0.015420854842972955,0.0358223106194407,-0.07380379521532307
0.01460667644354829,0.02966254451100739,-0.07749760108592142
0.013005286126851954,0.02240603279651384,-0.053689708580910524
0.010464383760942634,0.01282824918713772,-0.07015999893442647
0.007249205230474589,0.0015314654509196383,-0.14587545330463256
0.005283986743139821,0.001185568126082352,-0.024400919561530152
0.004678132783739502,-0.006669727130241366,0.06582383960947384
0.00323904037976308,-0.007032542680891778,-0.0250209945855892
0.0012265468534230735,-0.008757320222247608,-0.12325988048941462
-0.0006296984797142904,-0.015986624739684763,-0.14121992652980558
-0.0018803807428668677,-0.023390600986066372,-0.09527335300760213
-0.002729496331821698,-0.024274657927309214,0.02789605993235275
-0.0039023195223420286,-0.012865497417038239,0.17091170553700819
-0.006567910078981395,0.0031909702712172756,0.2721418483649997
-0.01073458484304425,0.02779878230825939,0.3315684388917023
-0.014878479686068981,0.05160863571774088,0.2498754122160534
-0.014306248927790925,0.0657765330053185,0.051341919484049814
-0.011130431569475399,0.07293091917178345,-0.03292714755794938
-0.006377435933099639,0.07761196577939891,0.003922491559037119
-0.002682010036830868,0.07807244373849097,0.0419439055451522
-0.0021275837673429155,0.07920740587386359,0.046141986260516056
0.00031617117725933326,0.07253800098480069,0.04637018774873885
0.003260457306734211,0.07546816516857996,0.052151957899586085
0.007328532183438858,0.07976883239462922,0.04227636585598116
0.011646693193153625,0.07959732124198289,0.010859674491766762
0.014340428926001547,0.06976285465738051,-0.02470222874000702
0.017906397918605384,0.06911040718515583,-0.04812871680195067
0.01737203617136162,0.053561731344664514,-0.050363299907625954
0.017976346673099306,0.047604409695979996,-0.028083110979239486
0.016652133014001036,0.03560754256964735,-0.02837528196151668
0.015582470470244575,0.027232212313233122,-0.05153991485269709
0.016325927776760788,0.022301242083460557,-0.05006454204246793
0.016110055304447535,0.015574756427009409,-0.035570723436406604
0.014567059371368232,0.009289052157904447,-0.016855701222488324
0.015307046265466652,0.004364468145546609,-0.050909729798073344
0.011899401075225266,0.00012218839076673005,-0.05790830189023601
0.010874436698330126,-0.003299811357838885,-0.0002610847434360176
0.006951313774080667,-0.0037025617343458966,0.05123043745577707
0.005031752289186622,0.0006768178847863306,0.07390023465683346
0.0020484406437874226,0.00843763577999565,0.09463036347343703
-0.0005048980376167446,0.014590502793187129,0.0620952746271022
-0.0026117455523502783,0.01591299171771482,-0.07030387153235526
-0.0055487299355349755,0.00253716847377231,-0.25835377622595496
-0.008381121631828652,-0.01847586702630393,-0.2823478916823919
-0.00973866413329461,-0.03819197654316715,-0.17213184401033652
-0.006475916972934692,-0.0403478026674558,-0.007262014841575355
-0.0033583270591194055,-0.032440649849376106,0.36632815946412844
-0.0017996301058201842,-0.025302869533052903,0.12165784100119298
-0.0058320622851535595,0.008585566488777119,0.035505069298863046
-0.007694710755656519,0.024306592800485898,0.008536219209988538
-0.006359621048255333,0.02391727240484494,0.04395955958836207
-0.006541932691411997,0.02971119156654701,-0.02773905976499412
-0.006711977060033268,0.032058092654267796,-0.05444289292813985
-0.005753206806633947,0.024945593187100698,-0.07005036303560958
-0.005431279800068847,0.020683130462070695,-0.08114827357229547
-0.0046195298969370305,0.017079904383406508,-0.045732157911147646
-0.003772277205237682,0.02204996858857297,-0.0036194044975248092
-9.027690443796726e-05,0.039608081468062016,0.022000325315517186
0.000526381198652213,0.02716562023808127,0.010068683683308221
0.004879335049161239,0.03929590229711355,-0.006966806366665338
0.00892139229183921,0.041722653744455815,-0.03845639235454157
0.007757851591894967,0.01987868352827102,-0.07390020233812318
0.007095513064584651,0.014191742420110332,-0.042422234025836544
0.0038365772938223474,-0.0014378901029019064,0.008319944382841282
0.0038368501263198627,-0.0021841984555797944,-0.04293964046160001
0.002629784832451649,0.0031292653070844716,0.01954388974225337
0.0018000284160542188,-0.00026425970075395766,0.07980503432777533
0.0018278437180641442,0.0069734882260602815,0.003166800838133879
0.0013572147370395045,0.00686613207051125,0.004775855234765494
0.0008711581715690718,0.0042661398901389196,-0.03086847455229376
-0.00018884941793465026,-0.00025155818718553165,-0.08463035446447528
-0.0010061658704898194,-0.006735557964234676,-0.08592572188221487
-0.001364717299992459,-0.010705845727497545,-0.055834411424101255
-0.0011992861483112044,-0.012687364678924177,0.014892562451085063
-0.0014702161043536575,-0.0091274128980267,0.057578030592771307
-0.0014877660326890647,-0.00524030763512134,0.05403515611441201
-0.0020398281494025472,0.0012057804951287419,0.06136147851096399
-0.004327714547281747,0.01051803496684374,0.11483887318737063
-0.0031178548388832716,0.016393632754271525,0.07840299454909244
-0.0025692413700245283,0.020666799035341923,0.07606905107198869
-0.0032775913295555546,0.020117387556370513,0.025893390343261508
-0.00262944155663931,0.01817459131833206,0.013284914863246514
-0.002165848958916374,0.018368917236065853,0.025726838855605946
-0.0005280123266568821,0.014732780133323228,0.010920021692741989
0.0008503957587165023,0.014052667125080603,-0.018624355243730798
0.0010621652941041183,0.018242341716160654,-0.02192049251977459
0.0008669718421533963,0.01834654904098052,-0.007837800736609175
0.00013174143428951808,0.019887124117139533,0.0219402641078998
-0.00037300921115778927,0.016919501728745047,0.03380014951499593
-0.0012760729268176275,0.015046972914066363,0.038792835114016974
-0.0002211005027842449,0.011006840967279302,0.038492659064522636
-0.001094563613171711,0.009764511087133838,0.06108752463532516
-0.004144788490556607,0.012008499669467258,0.035550687588835415
-0.0012404834285692917,0.009317281235635473,-0.008543811519965402
0.0044678730468971604,-0.0010682525986191183,-0.07605649915349565
-0.0009773274894277536,0.003248940049769042,0.09282064316605923
-0.004687989461085245,0.011738279673204087,0.11197109841802463
-0.0022074178248868664,0.026318183789407965,0.045744337698484565
0.0038481838311692283,0.01684710499863245,-0.07975504060329626
0.0054009715005339486,0.015310102173537274,-0.06373849641287868
0.0013364976442821273,0.01420358939069108,0.047645313429487565
-0.0005316706638420466,0.012757075331929546,0.05903411578109834
0.0005182778524609713,-0.0028336794379854174,-0.018674094362657906
-0.0007387526147838051,0.007058431556569697,0.03468222448109806
0.0025646822264193785,0.04053357105042295,0.06440002090207309
0.0003840759278827075,0.015070972409553046,0.0457520076052224
0.00031474181048061784,0.010849758252644313,0.011400513092302444
0.0006269711309119397,0.010051960160963682,-0.02881071050476619
-0.0007843711598926866,0.0024587581642597474,-0.07772838991463782
-0.0007224648336896801,0.003383062998763675,-0.048772228435335796
-0.0006442892732975553,-0.002934698624787506,-0.012969735624117323
-0.0020141511392063527,-0.0023326645174818264,-0.04540356399055631
-0.004931793834298691,-0.00809627551701033,-0.0959210547697376
-0.004730582519067512,-0.014032682501395936,-0.10632997491282119
0.0001605379376504268,-0.008965113702626773,0.0315828769626262
0.0006739330901965388,-0.009739235941589833,0.0502272775222916
-0.0007046656758703348,-0.012268018019886313,-0.04283149335231763
0.0029667189494220194,-0.0020592724233624918,0.13872326457057263
0.0007000969135628724,-0.009917204546508109,0.049109703046411574
-0.0010377187868992619,-0.004139422424441326,-0.1034902172687579
-0.0022669619957029086,-0.010748019369388045,-0.14387250591487188
-0.0014149883947200707,-0.011938638683515718,-0.09877115469243608
-0.0008989671158630436,-0.017851647180036553,-0.024996634458537226
0.002783752653860068,-0.010751105247468085,0.055445142749944
0.004988777382577959,-0.009887578279603314,0.02927029754414344
-0.0007783190268798477,-0.010403322814142128,-0.06422516906159752
-0.0030614329040300663,-0.010468048591520014,-0.051188943493948785
-0.0010933728301689935,-0.012077279493189347,-0.033304502940946876
-6.224288835188435e-05,-0.012230197453618023,-0.0021192603037022834
0.0009185902216426077,-0.016794546480085118,-0.019781833627744758
0.00131314685114511,-0.015576698918806309,-0.01963061633231296
0.0015607755513964757,-0.0028316042320998824,-0.008651383625767575
0.004732700100812878,-0.015696452989842832,0.01730248621165563
0.00825729075077097,-0.011357950450027729,0.1891418155588224
0.007200006225886672,-0.007216594916226421,0.12327698809934776
0.005554995157402187,0.002825510684286124,-0.065271114762326
0.005656676719831784,0.0025963333488118606,-0.11899973348161588
0.008860182209383002,0.008797609345465397,0.05250536155860576
0.007626588561814651,0.014208331162595258,0.3160848190858563
0.0034319413414034407,0.026306351297798167,0.2701310004812608
0.005584565508967188,0.039235956495531965,0.01658425077382472
0.010354346650097084,0.039838554145368424,-0.10691726735301005
0.010226304209464123,0.034753923722651216,-0.08972454524164404
0.012606199963522934,0.027224317634442004,-0.08500172677589579
0.012664727526377708,0.021455946947915312,-0.0481064483004658
0.008433781592994781,0.014183082761237552,-0.03525455738045011
0.0030824911227483043,0.010916932518633078,-0.081268055545725
-0.000769231988862795,0.055960457889781136,0.08353946796766426
-0.0052912696101530534,0.03523376373463624,0.23356640316218272
-0.006206440520403484,0.053643700889877986,0.14319047098523915
-0.010599023637696253,0.062088154455648005,0.14858296475484659
-0.012545127112834318,0.05927142198781267,0.04837044766780797
-0.011059884099101166,0.05523547222633063,-0.1532061757509466
-0.009199454280924047,0.04772667957781378,-0.22810944322819324
-0.00646223104988144,0.04069513786519085,-0.12687652251726633
-0.0004158423260982001,0.03014804987365312,-0.07604486683702516
0.0003031047980567216,0.025286637049973845,-0.027248181162738166
-0.00022211792777756482,0.01925639490522653,0.0007116661872841948
-0.0005823580757853943,0.01617074938453758,0.0017995361708759844
-0.0010370588988574572,0.019544837763616756,0.013586310569262738
-0.0032098122379457346,0.009062841296471003,0.016765024312849902
0.00015712565008049002,0.046294323282726924,0.055730254052547536
0.0001189027742242374,0.03017824096308825,0.038940611499963695
0.002463997008622253,0.025889348454065333,-0.037285758651646586
0.0038312001715403252,0.023705634193075982,-0.10834684357840865
0.003669927970993761,0.01011014021297799,-0.13746794675686227
0.0037978503719176167,0.0033143449867185197,-0.14876013685408696
0.0035457311947720022,-0.005486749408243575,-0.09150315013432077
0.0030329471984426298,-0.010489061768551732,-0.004773440732352439
0.002310481173813486,-0.001448124723851283,0.19606318663649525
0.001154354503622136,0.00572894265032023,0.22337412870299356
0.0011679465677216132,0.01687806782200977,0.06485942089603094
0.0011773839991856471,0.019696275119388047,-0.06336187495621201
0.0008935882255165843,0.015412516526379653,-0.1313385536112472
-0.00040512913494444614,0.003258782331942961,-0.12003896931498807
-0.0008952468735827682,-0.007041159905561849,-0.06985283902583835
-0.0009795682455128085,-0.010752893678121529,-0.029312659677248484
-0.0007271050885032829,-0.011548098353947826,0.013090723610045832
-0.0011798017912399584,-0.005824665173572968,0.07731286731397771
-0.0020491350580373845,0.00021347792100027616,0.08228575393972654
-0.0017404808305878094,0.006662164172580667,0.0871700108276271
-0.0006823517154245576,0.007836405864480638,0.13836952911878475
-0.003557488985093296,0.010896353751550784,0.15072930590500716
-0.007580751808623757,0.013176613897879892,0.021343254618856243
-0.007017899766765233,0.01809948780585343,-0.002998049657144012
-0.0030491812996348705,0.014520669404128064,0.021014358150418556
-0.0030373248148190296,0.012641202381657918,0.01060505507526787
-0.0015103500811812286,0.014896663516359869,0.008590215294516368
-0.0007723584856730087,0.021587615037287212,0.019448985939595598
-0.0006962762771565122,0.02114442175184096,0.03892150590631972
0.001759975232911797,0.027963965319853366,0.03595484910720877
0.003491127265602899,0.02572084234741756,0.020392525957383494
0.004946947327234243,0.01909150085313109,-0.020869988425567896
0.005510130902495858,0.015402356064716634,-0.021948577496559922
0.006336434988001349,0.010130895639806119,-0.03287311810639196
0.005774118797151645,0.007410227654837363,-0.02179115721117543
0.00555328135249083,0.005454805030602507,0.010206406125913975
0.006442156965360496,0.0038978951154413893,-0.016274620030683872
0.00589458794390257,0.004242680200469303,-0.013758193671010593
0.006932205842003785,0.0032491293620670577,0.010184739413949625
0.005436843892486807,0.0036180848635569817,0.02826953066900848
0.007610965515374995,0.005306871653639035,0.023829830047509173
0.0044267530093737035,0.005985568490527728,-0.00036169158962821857
0.005584180705133614,0.004672274853119419,-0.027012826342121272
0.0029609095885305566,0.001516983046821788,-0.048702402511759446
0.0022425875869006968,-0.00021219171159260843,-0.022881366076487726
0.0014904558202147133,-0.003297825353824453,0.021667678427313798
2.58936865647672e-05,-0.0027850525394823855,0.061306343792604336
-0.0016972714970174723,0.0010608058219843419,-0.002757270836565004
-0.003254291535520769,-0.00048429431613892203,-0.13147399464056947
-0.001558944606912041,-0.005290217655677332,-0.06802063783879417
-0.005256679341786794,-0.012308080242410209,-0.14026213167598384
-0.0029218042492739583,-0.017607302849998556,-0.01803304156135932
-0.0037235056183082425,-0.014890314548147446,0.1731334316484402
-0.0029155180511775784,-0.005989779463031397,0.1378736651855178
-0.00024077361524540812,-0.0011494034987143513,0.14928252753438825
0.00015160929399529212,0.007833149838838649,0.12819915686415292
-0.0012160017003095096,0.010334417252296432,0.07322680515784137
-0.0018124982185651738,0.008825152090634253,0.022063147704175168
-0.0010560196750170857,0.00815313058174627,0.007717063593842111
-0.00045506187220070195,0.006400795305254323,-0.012483635771908114
-0.00027828886630601544,0.004710352719017846,-0.020144747137301827
0.00011086134500423294,0.004149500878831647,-0.014376763925505999
0.0005545232542649239,0.007291616186685584,0.00037508764329173896
0.0011991231422864785,0.01113110002318822,0.002130696734612747
0.0033535535362887417,0.01898697702942985,-0.0017290184992665748
0.0026074299599247244,0.008374039495248786,-0.015421146287320794
0.004579198237198608,0.021451463000606928,0.01003836104337115
0.004525163120874457,0.010799299978659568,-0.015549252946547937
0.0014022343920247326,-0.0058447986327035545,-0.08403891331412118
0.002336920998160838,0.004335274213898895,-0.047452239811696925
0.0013970496311500923,-0.004914106957905154,0.0378961775754858
0.001506338738969941,-0.0006664168523370703,0.013908505392550244
0.0006547174914177454,0.0015906236709572787,0.06664683397207899
0.0002875558545637326,0.005210844097289932,0.04535895184697286
0.0004535807004805427,0.005672699208597028,-0.0377410685912465
-1.4021049146118402e-07,0.004549778271557191,-0.05343227639233586
-0.0009303413774720058,-0.0006117047547456234,-0.05358934609624158
-0.0012191986689001726,-0.004337688447428555,-0.036394028011118046
-0.0011144285742219415,-0.005622563905129885,-0.009420324397191718
-0.0010552191561461052,-0.006601805279551089,0.0275825181196701
-0.0011062956811545184,-0.0032797550023739522,0.02875111633267413
-0.0018705989600250996,0.0021993504002691317,0.07050993846154638
-0.0012280870141989936,0.004438950759250718,0.04586976213801364
-0.001038875889633771,0.00785048485620745,0.004948328885666514
9.90376853986577e-05,0.008890714862183034,0.011615680356080405
0.00014536554463458543,0.0066953196692935285,0.01665761156118719
-0.0004803854102824884,0.00569457089772471,-0.010659314387560848
-0.0010036721666310516,0.0055454583634782645,-0.003703172917098395
-0.0013211148588329012,0.00481391809813729,0.00854392052008655
-0.0011737638765221313,0.004536266877422063,-0.0037355018912492285
-0.0003727387265915986,0.004629002865800189,-0.030935628509531087
-0.0006348209226385781,0.004723268915202826,-0.016189274150298864
-0.0007036938762929803,0.00507447664829766,0.006696308954437305
-0.0008653415902237537,0.004734984187412125,0.0251200227766228
-0.000511502064248986,0.0032308835575237116,0.014768859740231247
-0.0008620479368821763,0.003098442811780941,0.01438667288253967
-0.0007031187755015787,0.0016873923772073654,0.01555031319773259
0.0006768413622212765,0.0027243131162760365,0.003725960470067277
-0.0020921932384249716,-0.001658738020829248,0.000923278810021709
-0.002368753053393264,0.008754620308937984,-0.016994947058722606
-0.001763943166278128,0.004292437357563322,0.03575127655130994
0.0002616613456289975,0.007800503971623893,-0.008154895932293973
-0.000775267971415348,0.009756094189591072,0.01753290591970373
-0.0010685105121656642,0.007956400524334377,0.044596390196591534
-0.0007527618942038744,0.007380713151981834,0.03669505604057552
0.0019099247896663411,0.006754479944317715,-0.013796147522175714
0.005145562687626303,0.00264131274757861,-0.08006800474694704
0.008636561972795545,-0.030843630007088264,-0.430719076097631
0.005042203181780903,-0.02714033476849515,-0.3074218632241124
0.003536432165114435,-0.02595135213981562,0.22608217477239623
0.005383415033412658,-0.02155419984293118,0.1588091240350593
0.00764547376639139,-0.01547366313156669,-0.04099107849654679
0.0077784302406643194,-0.012380655540913613,-0.09174031470631558
0.008547767879961563,-0.009659736502425466,-0.012814301445837672
0.008357216639387441,-0.010421400560728905,-0.02028012465071949
0.00499231595443073,-0.010986489084381379,0.0032814191682118687
0.006788420438467273,-0.0153520762743906,0.04803656972803991
0.005042150999805716,-0.012837436446621657,0.07080064659954935
0.0011338251527026053,-0.017228730335426365,0.014132873851965919
-0.0014700617668191984,-0.012832952018311819,0.05455601445447196
-0.008539199721601607,-0.022468212634729055,-0.1112511226362799
-0.011143710990475614,-0.029320475939080062,-0.055983830792554874
-0.011098784847981642,-0.023909949972416064,0.043040870242894935
-0.012953830122031884,-0.02080824343767434,0.08316270161552511
-0.010122291903373703,-0.013900951192441571,0.03026601500372854
-0.005235556095222129,-0.011499097387070625,0.028342746205420696
-0.0028104234685544663,-0.006414571183224485,0.05132461961294238
-0.0013934164012442615,0.0026624054755219756,0.0866595725958073
-0.006131656909456502,0.0004104716529095692,-0.021708268423042174
-0.010622080050317386,0.004799982000692329,-0.06237636184758649
-0.007217842937648926,0.004645255945119192,0.002978780687691085
-0.009839733841026488,0.006122098481925534,-0.06610849842105296
-0.00618433988779475,-0.0154738667482298,-0.1397996407479493
-0.0025826522932731544,-0.007914463092923443,-0.059473557394986123
-0.0030201034724310974,-0.0025085141214676795,-0.024850432389603976
-0.0019568365124867978,-0.005160232735886977,0.06802187536600732
-0.0033956927304138254,0.001371150597738395,0.05355989241436819
-0.004415649171938646,-0.005496565610699819,-0.05969954674483417
-0.00414626993855466,-0.012367041501591687,-0.2759804993796744
0.0026887066316611894,-0.0011216022101249133,-0.12113648403365695
0.0038120983389967654,-0.01254729926062482,0.1341069067978538
0.002352050352528178,-0.005984982966469484,0.12481850285131318
0.0018232066659013505,-0.0012644654924566581,0.07281611495858539
0.003798634282339463,0.001408388020268242,0.02605362740142146
0.00501440260711667,0.003683013020334136,0.007044809586547476
0.006757555630032014,0.004646196678280215,0.002352183272989798
0.00809518089110333,0.004769015089169382,-0.02559535201283935
0.008078968365057964,0.000102464666326324,-0.08079431157741285
0.006876720537019021,-0.004406877616321733,-0.1034633336349344
0.003521219142254617,-0.0016891983547938708,-0.0014562647882873404
0.0016909038131322188,0.008282120537211765,0.13405828592973196
0.0005216457523751854,0.01814636364785335,0.16035940810070762
0.0011954563700308776,0.004108477874042664,0.008180933689865222
0.0014905699207227088,0.010767492140674476,0.013688346816203012
-0.00041956681326786767,0.009107534398806572,0.05062964668055943
-0.0014590650368203756,0.006522530137454574,-0.0010692785629061521
-0.0033471253612753597,0.008605798524400646,-0.038760741229216154
-0.0007870428079374513,0.0045365924767687,-0.04157122988229001
0.0004804765463541725,0.004904661691689113,0.014958759412288032
-0.003311030439280733,0.003664201707876527,0.008148057052512106
-0.0022400703708170084,0.0029387637749326984,-0.0031066558598682875
0.0004390581227886334,0.002088609790204074,-0.02155211112481925
-0.00010970049708736407,7.020760529356795e-05,-0.004569569073259908
0.0003619626653101407,0.005716253425096768,0.009341669310854159
0.0012966925071997253,0.0008505647417767215,-0.015412814335313302
0.0010862862812498555,-0.0005263149759782981,-0.010206340543870995
-9.14647534796132e-05,0.002070427149712166,0.04105794156890352
-0.000617471560974173,-0.0025807139954724737,0.07526903854310692
0.00028307151946709193,0.00470778326216021,0.09820234123462881
0.0011151344936428612,0.007248097268649653,0.07732410957533012
0.0015653019050475576,0.012803587694893662,0.03702612196676
0.0012414831372561993,0.01334277208224483,0.014624023261864572
0.000814063787662158,0.006251481592180794,-0.10767339568049758
0.0012663785366800904,0.002289774301714324,-0.10837450051868719
0.0008808297090110951,-0.003648117576733348,-0.011274488585251624
0.0006463386255660974,-0.0044608989235716285,0.04142146063103162
0.0002909379075460906,-0.0046490599968819595,0.019274106041503897
0.0003873866998184035,-0.0012872265293332723,-0.015947541167040252
0.00025316960785777857,-0.0018349620518780217,-0.009352719567510825
0.0011967262286844199,0.015780345523283442,0.2482020551575429
0.0010665871146277365,0.024750466147743143,0.3425645746121404
0.0017291755358770774,0.04285395209423485,0.0582718162699859
0.003316891162573116,0.048938666890459434,-0.1211141264604707
0.007933505881878598,0.04405370214858569,-0.2568216581010206
0.010931495554211697,0.03253197993028912,-0.24182968238494118
0.014744470441907657,0.022257283621876844,-0.1060378252115863
0.0160566348780673,0.015607217465313072,-0.008774054915342354
0.01417602219395666,0.012972219091169579,-0.03212097460246926
0.013246459032000682,0.010720174252937129,-0.046900357139730425
0.009647024089021693,0.01286207489486288,-0.031498467300774595
0.004812347225585826,0.01712638947375919,-0.013075280327811342
0.0029085067531680314,0.026264223249072648,0.021875682932114456
0.001983825805535345,0.03369161116633468,0.033054992956778335
0.0010209164966781918,0.039441871393404264,0.00822138095695786
0.000355979086754726,0.032699757660767326,-0.015506430081050758
0.0004546884517342871,0.031004945578242207,-0.0070801450049302606
0.0011062454354297847,0.025572675432390092,0.005206600613012077
0.0007754187583635334,0.01813932254323165,-0.05816023491360064
0.000851354566525582,0.008931485950152591,-0.13819447474343818
-0.0007032390239983342,0.0028108651080598155,-0.037178365001884414
-0.0010834545378873017,-0.004105902613353125,0.08384402334814352
-0.0014467654961614514,-0.003956807314638228,0.019496328685436562
-0.0017492878329791418,0.005015103822063528,0.05697388361881807
-0.0033089506167664796,0.01326634805041375,0.19852195302809492
-0.0041978205587162,0.02839011265742421,0.18116558547831071
-0.0019791225597811965,0.03307334693408407,-0.03210660800052682
-0.0022264869108665803,0.028316184994951085,-0.25189819583581813
-0.005348959122818463,0.009941131036211238,-0.21691136279004858
-0.005002158422720945,-0.015207591747703753,-0.0035417163575864052
-0.0032024758286337413,-0.021252051772169767,0.09664096834331345
-0.0015093548588771474,-0.03118056964244354,-0.13370240712712156
-0.0017955713625999337,-0.010451777629717308,0.21859209450546419
-0.005731501770572226,-0.009841980000806319,0.1958050304080995
-0.0021848312614339786,0.015511380787864834,-0.1202630671722063
-0.0004616947482355988,0.014415358662903333,-0.1351356725541254
0.0009653970373995052,0.01203392264049781,-0.04580079307536662
0.0017410485936461585,0.007997157219635648,0.024050260817115032
0.0009512509116567803,0.004937583323131031,-0.002842255017118045
0.0008807971855826126,0.003460251257761407,0.007463865167413458
0.0015610831346744855,0.0019771129879056493,0.03830654595142652
0.0017954478768220797,-0.0013187904382978566,0.029487658767605736
0.0018464768163652368,0.0022705944066446215,0.013115105056093465
0.0001243628167140057,-0.002377407787403793,0.016166869001676548
0.0009473088568185701,0.007660957913380395,0.03181913041265824
0.0016875417763803791,0.008850334163785056,0.02200373627306182
0.0003279596931728152,0.009129700437539794,0.052822841406474835
-0.00038273006088949783,0.01641600459315433,0.13067552589162695
8.067867513759756e-05,0.02081537194137597,0.11904041345182326
0.0003446085161280133,0.02896519368753543,0.04681097758038455
0.0006258424821346253,0.02103288254114482,-0.09270709112132139
0.0007719775990333564,0.014342453627501264,-0.16027784808729328
0.00025996392272578466,0.002135229856624638,-0.12060939307984408
-0.0017995158871272092,-0.001996496720053538,0.05947765023907335
-0.003594628832224737,0.008242824225764549,0.3042131521414101
-0.0024639011253014395,0.011281896171895957,0.16341688495083395
-0.00398382754639256,0.017496242997727937,-0.22412039965766714
-0.0016874169854533012,0.017968390022389934,-0.006678055575636277
0.0013808740541351745,-0.001858193608854971,0.0021908860214976747
0.004652522769932313,0.0024973412096447566,-0.10136145412807113
0.006544489872230689,-0.0018487103938977035,0.03221685043146577
0.006212833290292208,-0.0030737246380703014,0.03786347823541247
0.006074071092454824,-0.0008045816034969247,0.013428613281720625
0.005198625219031054,0.0007215080228080428,0.0038945403305804815
0.0046682201529100725,-0.0008368860377961224,0.025924012258565582
0.003096280207964713,-0.003971036674386905,0.029415525261754442
-0.0004748683994949066,-0.008414014411489784,-0.014780125045345004
-0.0069222530505791986,-0.007554363043181064,0.045359084978849176
-0.011275005669593509,0.002523774374137408,0.12073090648817608
-0.010166022188530655,0.015248245830342476,0.06376891596981585
-0.009389717359350893,0.02016641447133498,0.028242563974644835
-0.008301089786113238,0.019371290053543842,-0.040566095481996134
-0.0021726663386880795,0.014446268288001461,-0.09523640986851886
0.0024614439682365662,0.006360581236644819,0.009043024537462752
0.0006237895826821521,-0.0005681664499561923,-0.026819559840822682
-0.0022751680733299404,0.0016887791188361506,0.012482837609990013
-0.0025146861181515896,-0.004458147734583501,-0.012229714687495036
-0.004047735021488384,-0.0004651930748121036,-0.0015768695271464878
-0.004636588048306101,-0.004694118201616471,0.0006368623349011227
-0.003183776093383281,-0.005895207579316525,-0.028947412303087464
-0.0042130561634095755,-0.007323433761571095,0.02423666877062136
-0.005837618127459899,-0.008280701449402239,0.04248793469155592
-0.0057618286449293895,0.011001693028822368,0.24104337969028533
0.0005478696639949106,0.002517230860264022,0.07101790894624747
-0.003056572795318348,-0.00320582990169261,0.22679617926513881
3.107953391516278e-05,0.005311730823226182,-0.11539873876386247
-0.0004128997930714553,0.006394060113027636,-0.16769901070362206
-0.002893779915079676,0.006678413760152359,0.051052106210582184
-0.0004714429801631285,-0.007920781715318792,0.024016082324650717
0.0008857985721306295,-0.00021837869663471864,-0.037233390382920506
0.002292496861419125,-0.005387897246622465,-0.02296881976074061
0.004354142937694292,-0.0043700122865793015,0.045952183870939745
0.004258740025048063,0.005014130387447711,0.051304311332251856
0.0040191326714110855,0.0028263285672481125,-0.015272944928830745
0.002781098113378716,0.006738913785260578,-0.0332326679244474
0.0034130936535341745,0.003042435274015709,-0.02363627401582448
0.0020987868450215805,0.00035518485754149065,-0.03559167997816898
0.00042108199957597447,-0.00696672025600871,0.01578789832820622
0.0027248968761415093,0.015313633596257509,0.2774043740111397
-0.005225356766942238,-0.003062487232163895,-0.03799967848798445
-0.007981506139616516,0.0058725918635416305,-0.0005908504118203456
-0.0036134804061517863,0.004732233503036351,0.00194114633052285
-0.00046022960707011937,0.0009649234010970509,-0.041571991493843594
-0.000595925363851663,-0.0003387012978697812,-0.006738501889668125
0.001357335893141954,0.0022827813583800316,0.04108028811509554
-0.0046833168253734665,-0.004997991891019529,-0.08156707261887053
-0.0031022424697728567,0.002086985624350862,0.015985637716645545
0.0026602845986555945,0.005572643053606385,0.09647314319839978
-0.001516440002888442,0.0017263554063447623,-0.04625217723350543
-0.003223135733761459,0.004918698961152004,-0.041923358091027055
-0.0036330020141100133,0.006347390648319379,-0.05851237557865732
0.002785354229104517,0.005302229671701741,0.10918581356841099
0.0018349667116598265,0.003624867238502187,0.044282423219899565
-0.001240998678862567,0.007983969298992824,-0.09011898588777956
0.0009188136050119365,0.003576517662292937,-0.025428960932435074
-0.0006032326907620643,-0.0004306306782531216,-0.09690584703101385
0.003005013112632243,0.0009354906665253807,-0.003111401358497745
0.0029745313293564777,0.0033486105015232137,0.11206949869608974
-0.0021763669605016894,0.016735024437527658,0.2524769680651342
-0.0035660636462103244,0.020591554311578796,0.1405821389243942
0.003942359441616023,0.026508747033050558,-0.20495559650626338
0.008000512069252206,0.0012303903515337583,-0.21056258453859777
0.004482355519985551,-0.005417799348842844,-0.04633362827166812
0.0002643299343381006,-0.010264740813236556,0.0727631182711306
-0.0013264205177013965,-0.008227739519962918,0.07513359802453676
-0.0007076677397608519,-0.0038183212389214655,0.04202327948238804
0.0007025620652018512,-0.000857221614751949,0.026433244747466274
0.0013256430133566782,0.0025721741360600486,0.015159638744937415
0.0002327342710984207,0.00667612555839376,0.021567190298042015
5.2150767426216264e-05,0.012424821557838944,0.0490659360173275
7.002844901549858e-05,0.012535046350720613,0.022550849128306093
0.0007241920923309855,0.004358814814888687,-0.04711545696222502
0.00014532800975037858,0.004509178215802108,-0.005437179579174084
